{
  "analysis_version": "10",
  "audio_md5": "8e2b75607aea6729d65fa31c6f64ae6a",
  "sample_rate": 44100,
  "bit_depth": 16,
  "channels": 2,
  "duration": 0.4010204081632653,
  "captured_at": null,
  "params": {
    "n_fft": 2048,
    "hop_length": 512,
    "sample_rate": 44100
  },
  "spectral": {
    "spectral_flatness": 0.11661959922988764,
    "attack": 0.0,
    "release": 0.6255112417094728,
    "spectral_centroid": 0.6078913719376303,
    "spectral_bandwidth": 0.6971914907730616,
    "zcr": 0.019252232142857144,
    "harmonic_ratio": 0.4105569991388785,
    "spectral_contrast": 0.35440026066016195,
    "voiced_fraction": 0.45714285714285713,
    "log_attack_time": 0.0,
    "spectral_flux": 0.01696267248367204
  },
  "rhythm": {
    "tempo_bpm": 120.18531976744185,
    "beat_times": [
      0.034829931972789115
    ],
    "pulse_curve": [
      0.969914972782135,
      1.0,
      0.9953120946884155,
      0.9589494466781616,
      0.8941561579704285,
      0.8046042919158936,
      0.6946523785591125,
      0.5695396661758423,
      0.4354628324508667,
      0.29946520924568176,
      0.16908042132854462,
      0.05171696096658707,
      0.0,
      0.0,
      0.0,
      0.0,
      0.0,
      0.0,
      0.0,
      0.0,
      0.0,
      0.0,
      0.0,
      0.0,
      0.0,
      0.0,
      0.0,
      0.0,
      0.0,
      6.0511462690263e-22,
      1.251445910816737e-21,
      1.3351607893336516e-21,
      1.0801020910284655e-21,
      6.876256405693048e-22,
      3.193627013051641e-22
    ],
    "pulse_peak_times": [
      0.011609977324263039,
      0.3599092970521542
    ],
    "onset_times": [
      0.034829931972789115,
      0.1509297052154195,
      0.19736961451247165,
      0.25541950113378686
    ],
    "attack_times": [
      0.0039002267573696146,
      0.1376643990929705,
      0.1758049886621315,
      0.22755102040816327
    ],
    "onset_count": 4
  },
  "pitch": {
    "dominant_pitch_hz": 65.0,
    "pitch_confidence": 0.010000118902676821,
    "chroma_profile": [
      0.47308170795440674,
      0.6092219948768616,
      0.7339900135993958,
      0.7675076723098755,
      0.6652299165725708,
      0.6518927216529846,
      0.874639093875885,
      0.9488822817802429,
      0.8470449447631836,
      0.7372592687606812,
      0.6320037245750427,
      0.49644193053245544
    ],
    "dominant_pitch_class": 7,
    "pitch_stability": 0.29047375096555694,
    "voiced_frame_count": 16
  },
  "timbre": {
    "mfcc": [
      -537.322509765625,
      81.85881805419922,
      4.097833633422852,
      30.49355125427246,
      33.229190826416016,
      19.301424026489258,
      17.474884033203125,
      14.433632850646973,
      14.302995681762695,
      13.792304039001465,
      12.318886756896973,
      12.02060604095459,
      11.321500778198242
    ],
    "mfcc_delta": [
      -11.678378105163574,
      -4.829177379608154,
      2.6410627365112305,
      -2.1445019245147705,
      -0.8364788889884949,
      -0.37842193245887756,
      -0.5027835965156555,
      0.28748762607574463,
      -0.07815691083669662,
      0.02455458603799343,
      -0.1258559674024582,
      -0.07115247845649719,
      0.01257108524441719
    ],
    "mfcc_onset": [
      -352.1985650276735,
      153.14423560473384,
      -45.940130316417864,
      59.446986398402046,
      40.946482822079815,
      21.08623068616983,
      25.261786583017216,
      9.029989679724592,
      13.134308886980826,
      12.344956403024224,
      12.089006718564407,
      10.670281385753109,
      11.21788147900905
    ]
  },
  "level": {
    "peak": 0.2686614990234375,
    "rms": 0.04055049191147847
  },
  "band_energy": {
    "energy_fractions": [
      0.9780219184601671,
      0.007688557672881655,
      0.011775174687562588,
      0.0005791567862535975
    ],
    "decay_rates": [
      0.6380505658636294,
      0.5583053241904673,
      0.5049609864271075,
      0.46711257645433807
    ]
  }
}