{
  "analysis_version": "10",
  "audio_md5": "907fba94b7d7d8cd72b1502fd39e147a",
  "sample_rate": 44100,
  "bit_depth": 16,
  "channels": 2,
  "duration": 0.8845351473922902,
  "captured_at": null,
  "params": {
    "n_fft": 2048,
    "hop_length": 512,
    "sample_rate": 44100
  },
  "spectral": {
    "spectral_flatness": 0.38466414928329257,
    "attack": 0.0,
    "release": 0.5961537341632369,
    "spectral_centroid": 0.7567919221606275,
    "spectral_bandwidth": 0.7184561569464051,
    "zcr": 0.2772549715909091,
    "harmonic_ratio": 0.0338253550912473,
    "spectral_contrast": 0.39608726759126583,
    "voiced_fraction": 0.0,
    "log_attack_time": 0.0,
    "spectral_flux": 0.05383887221398083
  },
  "rhythm": {
    "tempo_bpm": 120.18531976744185,
    "beat_times": [
      0.034829931972789115
    ],
    "pulse_curve": [
      0.9836868047714233,
      0.9950425624847412,
      1.0,
      0.9988201856613159,
      0.991752564907074,
      0.9790350198745728,
      0.9609072208404541,
      0.9376238584518433,
      0.9094513058662415,
      0.8766694068908691,
      0.8395769000053406,
      0.7984924912452698,
      0.7537575364112854,
      0.7057394981384277,
      0.6548341512680054,
      0.601466953754425,
      0.5460953116416931,
      0.4892086386680603,
      0.4313275218009949,
      0.37300190329551697,
      0.31480634212493896,
      0.2573346495628357,
      0.2011905461549759,
      0.1469777375459671,
      0.09528668224811554,
      0.04668015241622925,
      0.00167752499692142,
      0.0,
      0.0,
      0.0,
      0.0,
      0.0,
      0.0,
      0.0,
      0.0,
      0.0,
      0.0,
      0.0,
      0.0,
      0.0,
      0.0,
      0.0,
      0.0,
      0.0,
      0.0,
      0.0,
      0.0,
      0.0,
      0.0,
      0.0,
      0.0,
      0.0,
      0.0,
      0.0,
      0.0,
      0.0,
      0.0,
      0.0,
      0.0,
      0.0,
      0.0,
      0.0,
      0.0,
      0.0002383465616730973,
      0.0005873955087736249,
      0.0007714258972555399,
      0.0008339401101693511,
      0.0008111506467685103,
      0.000730331870727241,
      0.0006103399209678173,
      0.0004688939661718905,
      0.00032346410444006324,
      0.0001895494933705777,
      7.921340147731826e-05,
      5.769373736488003e-22,
      0.0,
      0.0
    ],
    "pulse_peak_times": [
      0.023219954648526078,
      0.7662585034013606
    ],
    "onset_times": [
      0.034829931972789115,
      0.18575963718820862,
      0.33668934240362813,
      0.37151927437641724,
      0.4295691609977324,
      0.5108390022675737,
      0.6385487528344671,
      0.6965986394557823,
      0.7430385487528345,
      0.8591383219954648
    ],
    "attack_times": [
      0.004217687074829932,
      0.1564172335600907,
      0.3226077097505669,
      0.36934240362811793,
      0.4239002267573696,
      0.48333333333333334,
      0.6045578231292517,
      0.6901814058956917,
      0.7214512471655329,
      0.8322902494331066
    ],
    "onset_count": 10
  },
  "pitch": {
    "dominant_pitch_hz": 0.0,
    "pitch_confidence": 0.0,
    "chroma_profile": [
      0.7329720258712769,
      0.6531418561935425,
      0.7240918874740601,
      0.8208337426185608,
      0.6546745896339417,
      0.6611124277114868,
      0.7252094745635986,
      0.8822212815284729,
      0.514471173286438,
      0.5576183795928955,
      0.5180937051773071,
      0.7801733016967773
    ],
    "dominant_pitch_class": 7,
    "pitch_stability": 0.0,
    "voiced_frame_count": 0
  },
  "timbre": {
    "mfcc": [
      -493.2173156738281,
      76.00039672851562,
      -84.9516372680664,
      8.608283996582031,
      -33.38447189331055,
      -7.558345794677734,
      4.535179138183594,
      12.293731689453125,
      -5.0311055183410645,
      -2.338458776473999,
      -5.605639457702637,
      -8.651296615600586,
      -4.9245381355285645
    ],
    "mfcc_delta": [
      -7.636399269104004,
      -0.3406318426132202,
      0.8651175498962402,
      -0.9514195919036865,
      0.6734982132911682,
      -0.5179058313369751,
      0.4541095793247223,
      -0.2004864662885666,
      0.22148370742797852,
      -0.16231629252433777,
      0.3106999397277832,
      -0.18504291772842407,
      0.139653742313385
    ],
    "mfcc_onset": [
      -210.98388232574746,
      74.37812202916403,
      -99.23921891617363,
      40.74447123177286,
      -62.40925379280281,
      21.242082616637198,
      -16.03290265909126,
      29.802954057879603,
      -17.620176989736464,
      10.02520303678695,
      -14.240668250480736,
      1.2204601400423123,
      -10.30467043692334
    ]
  },
  "level": {
    "peak": 0.281982421875,
    "rms": 0.015397552815040476
  },
  "band_energy": {
    "energy_fractions": [
      0.0037402617297145227,
      0.3667713698665198,
      0.5057293905545255,
      0.12373631957869811
    ],
    "decay_rates": [
      0.5049609864271075,
      0.578585900167829,
      0.578585900167829,
      0.5961537341632369
    ]
  }
}