{
  "analysis_version": "10",
  "audio_md5": "c72564e406941658a3cb077b10c8f913",
  "sample_rate": 44100,
  "bit_depth": 16,
  "channels": 2,
  "duration": 0.610498866213152,
  "captured_at": null,
  "params": {
    "n_fft": 2048,
    "hop_length": 512,
    "sample_rate": 44100
  },
  "spectral": {
    "spectral_flatness": 0.15070794480459596,
    "attack": 0.0,
    "release": 0.611649661953827,
    "spectral_centroid": 0.7272079032460955,
    "spectral_bandwidth": 0.7255179109480476,
    "zcr": 0.13566848466981132,
    "harmonic_ratio": 0.31979160068951973,
    "spectral_contrast": 0.39109611191776134,
    "voiced_fraction": 0.0,
    "log_attack_time": 0.0,
    "spectral_flux": 0.11334273442863296
  },
  "rhythm": {
    "tempo_bpm": 120.18531976744185,
    "beat_times": [
      0.034829931972789115
    ],
    "pulse_curve": [
      0.09607702493667603,
      0.1601332575082779,
      0.2296319603919983,
      0.29425308108329773,
      0.343129962682724,
      0.36611899733543396,
      0.35492098331451416,
      0.3040282130241394,
      0.2114567756652832,
      0.07922110706567764,
      0.0,
      0.0,
      0.0,
      0.0,
      0.0,
      0.0,
      0.0,
      0.0,
      0.0,
      0.0,
      0.0,
      0.0,
      0.0,
      0.14148372411727905,
      0.41167762875556946,
      0.6474719047546387,
      0.8312907218933105,
      0.950797975063324,
      1.0,
      0.9796321988105774,
      0.8968105912208557,
      0.7639933824539185,
      0.5973801016807556,
      0.4149487018585205,
      0.23438942432403564,
      0.07120653986930847,
      0.0,
      0.0,
      0.0,
      0.0,
      0.0,
      0.0,
      0.0,
      0.0,
      0.0,
      0.0,
      0.0,
      0.0,
      0.0,
      3.113751456189387e-20,
      5.69385121759931e-20,
      4.827393419999365e-20,
      2.5674615079376208e-20
    ],
    "pulse_peak_times": [
      0.058049886621315196,
      0.3250793650793651,
      0.5804988662131519
    ],
    "onset_times": [
      0.034829931972789115,
      0.19736961451247165,
      0.2786394557823129,
      0.3250793650793651,
      0.3947392290249433,
      0.5108390022675737
    ],
    "attack_times": [
      0.003945578231292517,
      0.16807256235827664,
      0.26040816326530614,
      0.3195691609977324,
      0.3874829931972789,
      0.4972562358276644
    ],
    "onset_count": 6
  },
  "pitch": {
    "dominant_pitch_hz": 0.0,
    "pitch_confidence": 0.0,
    "chroma_profile": [
      0.6788705587387085,
      0.6586534976959229,
      0.722291111946106,
      0.6539323925971985,
      0.533897876739502,
      0.6048567891120911,
      0.5554001927375793,
      0.8003973364830017,
      0.9099182486534119,
      0.7943024635314941,
      0.6782567501068115,
      0.4737778902053833
    ],
    "dominant_pitch_class": 8,
    "pitch_stability": 0.0,
    "voiced_frame_count": 0
  },
  "timbre": {
    "mfcc": [
      -444.7104187011719,
      84.31034088134766,
      -10.13931941986084,
      37.844932556152344,
      -4.874831199645996,
      0.20497730374336243,
      3.08109712600708,
      -8.714231491088867,
      -5.448844909667969,
      -5.689920902252197,
      -5.4163947105407715,
      -6.095850467681885,
      -3.5885746479034424
    ],
    "mfcc_delta": [
      -9.264893531799316,
      -2.773793935775757,
      1.5999492406845093,
      -1.1971591711044312,
      0.8431962132453918,
      -0.32740160822868347,
      0.19210025668144226,
      0.04888122156262398,
      0.07013215124607086,
      -0.08153867721557617,
      -0.05917159095406532,
      0.11082819104194641,
      -0.061880964785814285
    ],
    "mfcc_onset": [
      -196.88403348821538,
      144.68852155817044,
      -58.97515277796353,
      72.97766618296423,
      -28.69775071543876,
      14.473087739068678,
      -4.712667435391182,
      -8.728812567658643,
      -5.819068530228106,
      -6.836129637164659,
      -2.803272714386703,
      -9.578467151307148,
      -0.41117753157769293
    ]
  },
  "level": {
    "peak": 0.4235382080078125,
    "rms": 0.036421957825732015
  },
  "band_energy": {
    "energy_fractions": [
      0.7090163943199925,
      0.21777065706226384,
      0.05605218865310082,
      0.01684136649161495
    ],
    "decay_rates": [
      0.6255112417094728,
      0.6255112417094728,
      0.6494980719265965,
      0.6600287566840429
    ]
  }
}