{
  "analysis_version": "10",
  "audio_md5": "e7016242df8924f8e602950b7c6728d4",
  "sample_rate": 44100,
  "bit_depth": 16,
  "channels": 2,
  "duration": 0.5834467120181406,
  "captured_at": null,
  "params": {
    "n_fft": 2048,
    "hop_length": 512,
    "sample_rate": 44100
  },
  "spectral": {
    "spectral_flatness": 0.3573150419588813,
    "attack": 0.0,
    "release": 0.611649661953827,
    "spectral_centroid": 0.734946066167412,
    "spectral_bandwidth": 0.7278774491549748,
    "zcr": 0.17643229166666666,
    "harmonic_ratio": 0.29023506731220233,
    "spectral_contrast": 0.4122512180177099,
    "voiced_fraction": 0.0,
    "log_attack_time": 0.0,
    "spectral_flux": 0.08367198146829091
  },
  "rhythm": {
    "tempo_bpm": 120.18531976744185,
    "beat_times": [
      0.034829931972789115
    ],
    "pulse_curve": [
      0.8244033455848694,
      0.9163990616798401,
      0.9761977791786194,
      1.0,
      0.9860221147537231,
      0.9345890283584595,
      0.848132312297821,
      0.7310884594917297,
      0.5896860361099243,
      0.4316159784793854,
      0.2655911445617676,
      0.1007971540093422,
      0.0,
      0.0,
      0.0,
      0.0,
      0.0,
      0.0,
      0.0,
      0.0,
      0.0,
      0.0,
      0.0,
      0.0,
      0.0,
      0.0,
      0.0,
      0.0,
      0.0,
      0.0,
      0.0,
      0.0,
      0.0,
      0.0,
      0.0,
      0.0,
      0.0,
      0.0,
      0.0,
      0.0,
      0.0,
      0.0,
      0.0,
      0.0,
      0.0,
      4.035629375380685e-22,
      1.1407352781118478e-21,
      1.2979307955234463e-21,
      1.0771029554627856e-21,
      6.891508053107974e-22,
      3.1637861089466853e-22
    ],
    "pulse_peak_times": [
      0.034829931972789115,
      0.5456689342403628
    ],
    "onset_times": [
      0.034829931972789115,
      0.19736961451247165,
      0.313469387755102,
      0.5224489795918368
    ],
    "attack_times": [
      0.003015873015873016,
      0.1606575963718821,
      0.27337868480725624,
      0.5031746031746032
    ],
    "onset_count": 4
  },
  "pitch": {
    "dominant_pitch_hz": 0.0,
    "pitch_confidence": 0.0,
    "chroma_profile": [
      0.4792706072330475,
      0.3966759443283081,
      0.3551832437515259,
      0.3872915506362915,
      0.47019562125205994,
      0.28524938225746155,
      0.32541990280151367,
      0.4752741754055023,
      0.8757478594779968,
      0.8399705290794373,
      0.6650310754776001,
      0.4948628842830658
    ],
    "dominant_pitch_class": 8,
    "pitch_stability": 0.0,
    "voiced_frame_count": 0
  },
  "timbre": {
    "mfcc": [
      -457.70941162109375,
      90.2615966796875,
      -18.959665298461914,
      31.399152755737305,
      -17.362571716308594,
      -2.762761354446411,
      2.3887197971343994,
      -8.816913604736328,
      -7.641108512878418,
      -7.884429454803467,
      -7.33180570602417,
      -9.507962226867676,
      -8.623451232910156
    ],
    "mfcc_delta": [
      -10.184553146362305,
      -2.4143216609954834,
      2.058835983276367,
      -1.3433029651641846,
      0.8544532060623169,
      -0.5174933671951294,
      0.19154267013072968,
      -0.06916870176792145,
      0.2954634130001068,
      0.06514657288789749,
      0.037591516971588135,
      0.056656595319509506,
      -0.16351619362831116
    ],
    "mfcc_onset": [
      -211.15757611255387,
      136.84326059839043,
      -70.72443473986027,
      65.09388757454853,
      -41.212457998764435,
      14.479977447683131,
      -8.59695646594093,
      -4.459881572256549,
      -10.826201571169973,
      -8.456970798799862,
      -4.403807430625575,
      -11.601857289467908,
      -3.7584747922673873
    ]
  },
  "level": {
    "peak": 0.417022705078125,
    "rms": 0.027442313863230202
  },
  "band_energy": {
    "energy_fractions": [
      0.5977338229531406,
      0.26311514545331965,
      0.11182053137653954,
      0.027218872852646347
    ],
    "decay_rates": [
      0.5583053241904673,
      0.6494980719265965,
      0.611649661953827,
      0.6255112417094728
    ]
  }
}