{
  "analysis_version": "11",
  "audio_md5": "443074662c26886d69a09a932da23a76",
  "sample_rate": 44100,
  "bit_depth": 16,
  "channels": 2,
  "duration": 1.0941043083900226,
  "captured_at": null,
  "params": {
    "n_fft": 2048,
    "hop_length": 512,
    "sample_rate": 44100
  },
  "spectral": {
    "spectral_flatness": 0.26165420994116245,
    "attack": 0.0,
    "release": 0.8372542447279672,
    "spectral_centroid": 0.5113555651180391,
    "spectral_bandwidth": 0.6501089688588619,
    "zcr": 0.007401315789473684,
    "harmonic_ratio": 0.707262409927789,
    "spectral_contrast": 0.3742962490246201,
    "voiced_fraction": 1.0,
    "log_attack_time": 0.0,
    "spectral_flux": 0.02014916832530154
  },
  "rhythm": {
    "tempo_bpm": 120.18531976744185,
    "beat_times": [
      0.034829931972789115
    ],
    "pulse_curve": [
      0.01884189061820507,
      0.04056244716048241,
      0.06657025963068008,
      0.09101717919111252,
      0.1067894846200943,
      0.1069849506020546,
      0.0864497721195221,
      0.04309944063425064,
      0.0,
      0.0,
      0.0,
      0.0,
      0.0,
      0.0,
      0.0,
      0.0,
      0.0,
      0.0,
      0.1478591412305832,
      0.3138737976551056,
      0.4610452353954315,
      0.5682982206344604,
      0.6177112460136414,
      0.5972347259521484,
      0.5028291940689087,
      0.3396824300289154,
      0.12226669490337372,
      0.0,
      0.0,
      0.0,
      0.0,
      0.0,
      0.0,
      0.0,
      0.0,
      0.0,
      0.03207291290163994,
      0.34998539090156555,
      0.6364250183105469,
      0.8566544651985168,
      0.9833080768585205,
      1.0,
      0.9035601615905762,
      0.7045730352401733,
      0.42613711953163147,
      0.10099340230226517,
      0.0,
      0.0,
      0.0,
      0.0,
      0.0,
      0.0,
      0.0,
      0.0,
      0.0,
      0.08599197864532471,
      0.35107967257499695,
      0.5614215731620789,
      0.6960031986236572,
      0.7442125678062439,
      0.7065551280975342,
      0.5938823223114014,
      0.42532098293304443,
      0.2252596914768219,
      0.019859666004776955,
      0.0,
      0.0,
      0.0,
      0.0,
      0.0,
      0.0,
      0.0,
      0.0,
      0.0,
      0.046274684369564056,
      0.12012699246406555,
      0.1651700884103775,
      0.18092979490756989,
      0.17111384868621826,
      0.1424570381641388,
      0.10324747860431671,
      0.06179218739271164,
      0.025069991126656532,
      0.0,
      0.0,
      0.0,
      0.0,
      0.0,
      0.0,
      0.0,
      1.30554213347277e-19,
      1.7021408574977375e-19,
      1.4810498261760621e-19,
      9.646811009436129e-20,
      4.477752899243723e-20
    ],
    "pulse_peak_times": [
      0.058049886621315196,
      0.25541950113378686,
      0.47600907029478456,
      0.6849886621315193,
      0.893968253968254,
      1.0565079365079366
    ],
    "onset_times": [
      0.034829931972789115,
      0.09287981859410431,
      0.19736961451247165,
      0.4295691609977324,
      0.5108390022675737,
      0.7198185941043084,
      1.0100680272108844
    ],
    "attack_times": [
      0.0018140589569160999,
      0.07408163265306122,
      0.1812925170068027,
      0.3811111111111111,
      0.4994104308390023,
      0.6924489795918367,
      0.9919954648526077
    ],
    "onset_count": 7
  },
  "pitch": {
    "dominant_pitch_hz": 65.0,
    "pitch_confidence": 0.010036871398504373,
    "chroma_profile": [
      0.1514788717031479,
      0.13051345944404602,
      0.11093728989362717,
      0.11685016751289368,
      0.10763537883758545,
      0.13493111729621887,
      0.13244464993476868,
      0.6222802400588989,
      0.63772052526474,
      0.4744671881198883,
      0.31762728095054626,
      0.17900322377681732
    ],
    "dominant_pitch_class": 8,
    "pitch_stability": 0.2819913359899685,
    "voiced_frame_count": 95
  },
  "timbre": {
    "mfcc": [
      -542.6761474609375,
      96.27506256103516,
      27.931589126586914,
      35.903438568115234,
      28.013221740722656,
      17.578739166259766,
      18.556554794311523,
      16.043607711791992,
      13.352027893066406,
      13.128889083862305,
      10.490467071533203,
      9.068536758422852,
      10.278019905090332
    ],
    "mfcc_delta": [
      -5.478056907653809,
      -2.194941759109497,
      0.8628577589988708,
      -0.607541561126709,
      0.0443408377468586,
      -0.21210971474647522,
      0.08863022178411484,
      -0.08477219194173813,
      -0.03480864688754082,
      -0.04832606390118599,
      -0.009362679906189442,
      0.10793105512857437,
      0.04760395735502243
    ],
    "mfcc_onset": [
      -232.71249820110665,
      203.1921182274977,
      -52.65325574675141,
      56.46435016018154,
      8.644260318832439,
      11.090916559993946,
      12.213251415243654,
      12.689800844749435,
      6.512826720344353,
      9.025060986075742,
      5.246086621658813,
      0.07973174261901522,
      3.547062009807314
    ]
  },
  "level": {
    "peak": 0.2865142822265625,
    "rms": 0.04310253384767769
  },
  "band_energy": {
    "energy_fractions": [
      0.9014436856127603,
      0.07680588265777161,
      0.020544339377773172,
      0.0004261809410418238
    ],
    "decay_rates": [
      0.8398595442172823,
      0.6697786479039582,
      0.5343184939733435,
      0.578585900167829
    ]
  }
}