{
  "analysis_version": "10",
  "audio_md5": "009281d35697a729714e4e32ee846601",
  "sample_rate": 44100,
  "bit_depth": 16,
  "channels": 2,
  "duration": 0.8101587301587302,
  "captured_at": null,
  "params": {
    "n_fft": 2048,
    "hop_length": 512,
    "sample_rate": 44100
  },
  "spectral": {
    "spectral_flatness": 0.04016491096427833,
    "attack": 0.0,
    "release": 0.7743622653232216,
    "spectral_centroid": 0.5522290809018542,
    "spectral_bandwidth": 0.6676495639532234,
    "zcr": 0.013002232142857144,
    "harmonic_ratio": 0.7096181876319062,
    "spectral_contrast": 0.39652688015790655,
    "voiced_fraction": 1.0,
    "log_attack_time": 0.0,
    "spectral_flux": 0.05440495447526352
  },
  "rhythm": {
    "tempo_bpm": 120.18531976744185,
    "beat_times": [
      0.034829931972789115
    ],
    "pulse_curve": [
      1.0,
      0.9805020093917847,
      0.9545542597770691,
      0.9217420816421509,
      0.8816719055175781,
      0.8341192603111267,
      0.7791539430618286,
      0.7172316908836365,
      0.6492440104484558,
      0.5765241384506226,
      0.5008054375648499,
      0.4241366982460022,
      0.34875938296318054,
      0.27695608139038086,
      0.2108825296163559,
      0.1523990035057068,
      0.10291551798582077,
      0.0632675439119339,
      0.033636752516031265,
      0.013527611270546913,
      0.0018059469293802977,
      0.0,
      0.0,
      0.0,
      0.0008911109762266278,
      0.0015457890694960952,
      0.0,
      0.0,
      0.0,
      0.0,
      0.0,
      0.0,
      0.0,
      0.0,
      0.0,
      0.0,
      0.0,
      0.0,
      0.0,
      0.0,
      0.0,
      0.0,
      0.0,
      0.0,
      0.012068151496350765,
      0.02498866617679596,
      0.033676695078611374,
      0.03796040266752243,
      0.03815237060189247,
      0.03495598956942558,
      0.029335495084524155,
      0.02236907184123993,
      0.01510489173233509,
      0.008437524549663067,
      0.0030180918984115124,
      0.0,
      0.0,
      0.0,
      0.0,
      0.0,
      0.0,
      0.0,
      0.0,
      0.0,
      0.0,
      0.0,
      3.8199463220608076e-21,
      4.8582187417346796e-21,
      3.723407316771837e-21,
      1.8748918981082757e-21
    ],
    "pulse_peak_times": [
      0.29024943310657597,
      0.5572789115646258,
      0.7778684807256235
    ],
    "onset_times": [
      0.034829931972789115,
      0.19736961451247165,
      0.313469387755102,
      0.40634920634920635
    ],
    "attack_times": [
      0.0019047619047619048,
      0.17793650793650795,
      0.26816326530612244,
      0.3949206349206349
    ],
    "onset_count": 4
  },
  "pitch": {
    "dominant_pitch_hz": 75.97052115648096,
    "pitch_confidence": 0.18981652358574078,
    "chroma_profile": [
      0.13360169529914856,
      0.1721961349248886,
      0.655705451965332,
      0.6377276182174683,
      0.4282912611961365,
      0.3123866319656372,
      0.18959246575832367,
      0.14141739904880524,
      0.12192198634147644,
      0.10758873075246811,
      0.10219749063253403,
      0.10036534070968628
    ],
    "dominant_pitch_class": 2,
    "pitch_stability": 1.3486470923083769,
    "voiced_frame_count": 70
  },
  "timbre": {
    "mfcc": [
      -508.00439453125,
      102.11283111572266,
      27.20098304748535,
      35.056793212890625,
      21.208627700805664,
      18.39474868774414,
      18.8750057220459,
      12.934941291809082,
      11.621112823486328,
      9.410592079162598,
      9.654809951782227,
      10.448562622070312,
      8.75833511352539
    ],
    "mfcc_delta": [
      -7.535769939422607,
      -2.793532133102417,
      1.2380272150039673,
      -0.8320169448852539,
      0.28105688095092773,
      -0.37606072425842285,
      0.055564988404512405,
      0.05124937370419502,
      0.031889691948890686,
      0.14382463693618774,
      0.1971835494041443,
      0.1791251003742218,
      0.12426866590976715
    ],
    "mfcc_onset": [
      -217.2858157896895,
      193.33277925990754,
      -42.96585300904182,
      60.44875582215198,
      -4.308877073229443,
      18.496371195623347,
      11.792137693819418,
      2.5523877424484445,
      4.558643038076626,
      -2.804570003836871,
      -0.22972210659766668,
      1.2370191589320894,
      -2.1419848000383306
    ]
  },
  "level": {
    "peak": 0.3666534423828125,
    "rms": 0.054108738886516676
  },
  "band_energy": {
    "energy_fractions": [
      0.8236400851880912,
      0.1584448787239331,
      0.015549467452593412,
      0.0022115828908637236
    ],
    "decay_rates": [
      0.7865152064539226,
      0.6255112417094728,
      0.5343184939733435,
      0.5583053241904673
    ]
  }
}