{
  "analysis_version": "10",
  "audio_md5": "0f8b6f6adf8e108aba5aa3ff7cbacea1",
  "sample_rate": 44100,
  "bit_depth": 16,
  "channels": 2,
  "duration": 0.46947845804988664,
  "captured_at": null,
  "params": {
    "n_fft": 2048,
    "hop_length": 512,
    "sample_rate": 44100
  },
  "spectral": {
    "spectral_flatness": 0.6693570334041411,
    "attack": 0.0,
    "release": 0.578585900167829,
    "spectral_centroid": 0.8967692280587496,
    "spectral_bandwidth": 0.8163434999133387,
    "zcr": 0.9186356707317073,
    "harmonic_ratio": 0.05649895356856375,
    "spectral_contrast": 0.3662057376290074,
    "voiced_fraction": 0.0,
    "log_attack_time": 0.0,
    "spectral_flux": 0.11562725322159968
  },
  "rhythm": {
    "tempo_bpm": 156.60511363636363,
    "beat_times": [
      0.034829931972789115
    ],
    "pulse_curve": [
      0.8087501525878906,
      0.9311130046844482,
      0.9988914132118225,
      1.0,
      0.9287435412406921,
      0.7868373990058899,
      0.583653450012207,
      0.3359198272228241,
      0.06657154113054276,
      0.0,
      0.0,
      0.0,
      0.0,
      0.0,
      0.0,
      0.0,
      0.0,
      0.0,
      0.12600083649158478,
      0.2742312252521515,
      0.3612748086452484,
      0.3818972706794739,
      0.3433836102485657,
      0.26168540120124817,
      0.1573876291513443,
      0.051968809217214584,
      0.0,
      0.0,
      0.0,
      0.0,
      0.0,
      0.0,
      0.0,
      0.0140457758679986,
      0.04588674008846283,
      0.0690283253788948,
      0.08253473788499832,
      0.08640467375516891,
      0.08126242458820343,
      0.0685805231332779,
      0.05059679225087166
    ],
    "pulse_peak_times": [
      0.034829931972789115,
      0.2438095238095238,
      0.4295691609977324
    ],
    "onset_times": [
      0.034829931972789115,
      0.2089795918367347,
      0.4179591836734694
    ],
    "attack_times": [
      0.002834467120181406,
      0.16981859410430838,
      0.37952380952380954
    ],
    "onset_count": 3
  },
  "pitch": {
    "dominant_pitch_hz": 0.0,
    "pitch_confidence": 0.0,
    "chroma_profile": [
      0.9676154255867004,
      0.6419190168380737,
      0.6439352631568909,
      0.7844359278678894,
      0.6045804023742676,
      0.602950930595398,
      0.6364169716835022,
      0.5132832527160645,
      0.5686866044998169,
      0.5462377071380615,
      0.7489004135131836,
      0.7260127663612366
    ],
    "dominant_pitch_class": 0,
    "pitch_stability": 0.0,
    "voiced_frame_count": 0
  },
  "timbre": {
    "mfcc": [
      -513.5615234375,
      4.13087797164917,
      21.32779884338379,
      13.57097339630127,
      -0.20317213237285614,
      4.44224739074707,
      1.512362003326416,
      8.5765380859375,
      -11.879310607910156,
      -0.9208096861839294,
      -13.385448455810547,
      -2.8846499919891357,
      -9.302027702331543
    ],
    "mfcc_delta": [
      -13.576909065246582,
      -0.08164805918931961,
      0.1939050853252411,
      0.14136989414691925,
      0.13904446363449097,
      0.2282327264547348,
      0.2059355527162552,
      -0.06590301543474197,
      -0.01823718473315239,
      -0.03434720262885094,
      0.1767149716615677,
      0.2125568836927414,
      0.3014490008354187
    ],
    "mfcc_onset": [
      -277.33346110310885,
      6.7915813796460345,
      18.75633077196476,
      13.279549123806,
      -0.8228306177467688,
      3.9528275360887863,
      -2.200517449289727,
      7.73312229889895,
      -14.113342482995275,
      -1.1036703828240355,
      -14.593502619955357,
      -4.314430928730589,
      -12.434065686841322
    ]
  },
  "level": {
    "peak": 0.0956268310546875,
    "rms": 0.009322203922588068
  },
  "band_energy": {
    "energy_fractions": [
      0.07234142673022675,
      0.1440939947104377,
      0.09810133939949492,
      0.6783419855758338
    ],
    "decay_rates": [
      0.5961537341632369,
      0.611649661953827,
      0.5961537341632369,
      0.5583053241904673
    ]
  }
}