{
  "analysis_version": "10",
  "audio_md5": "a5fa738b015f0540819d90ed845fa542",
  "sample_rate": 44100,
  "bit_depth": 16,
  "channels": 2,
  "duration": 1.1795918367346938,
  "captured_at": null,
  "params": {
    "n_fft": 2048,
    "hop_length": 512,
    "sample_rate": 44100
  },
  "spectral": {
    "spectral_flatness": 0.18449964276607136,
    "attack": 0.0,
    "release": 0.8634157248684642,
    "spectral_centroid": 0.501371079466055,
    "spectral_bandwidth": 0.6513583970395168,
    "zcr": 0.008817784926470588,
    "harmonic_ratio": 0.7907534900049472,
    "spectral_contrast": 0.3853653980454645,
    "voiced_fraction": 1.0,
    "log_attack_time": 0.0,
    "spectral_flux": 0.0
  },
  "rhythm": {
    "tempo_bpm": 120.18531976744185,
    "beat_times": [
      0.19736961451247165
    ],
    "pulse_curve": [
      0.51871657371521,
      0.563873291015625,
      0.6058173179626465,
      0.6447265148162842,
      0.6811039447784424,
      0.7154909372329712,
      0.7484068870544434,
      0.7802881598472595,
      0.8114300966262817,
      0.8419392108917236,
      0.871695339679718,
      0.9003302454948425,
      0.9272254705429077,
      0.9515271782875061,
      0.9721832275390625,
      0.9879956841468811,
      0.9976908564567566,
      1.0,
      0.9937472939491272,
      0.9779401421546936,
      0.95185387134552,
      0.9151064157485962,
      0.867716372013092,
      0.810141384601593,
      0.7432895302772522,
      0.6685051321983337,
      0.5875266790390015,
      0.5024171471595764,
      0.41547247767448425,
      0.32911133766174316,
      0.24575269222259521,
      0.16769126057624817,
      0.09697496891021729,
      0.03529733419418335,
      0.0,
      0.0,
      0.0,
      0.0,
      0.0,
      0.0,
      0.0,
      0.0,
      0.0,
      0.0,
      0.0,
      0.0,
      0.0,
      0.010603042319417,
      0.018429778516292572,
      0.022367220371961594,
      0.02268822304904461,
      0.01993555948138237,
      0.014845900237560272,
      0.008265309035778046,
      0.0010639727115631104,
      0.0,
      0.0,
      0.0,
      0.0,
      0.0,
      0.0,
      0.0,
      0.0,
      0.0,
      0.0,
      0.0,
      0.0,
      0.0,
      0.0,
      0.0,
      0.0,
      0.0,
      0.0,
      0.0,
      0.0005286989617161453,
      0.0016500969650223851,
      0.0033026300370693207,
      0.00547015992924571,
      0.008071118034422398,
      0.010963997803628445,
      0.013960438780486584,
      0.016844147816300392,
      0.019393455237150192,
      0.021404851227998734,
      0.022714780643582344,
      0.023217283189296722,
      0.02287539653480053,
      0.021725047379732132,
      0.019870659336447716,
      0.017472917214035988,
      0.014729619957506657,
      0.011851530522108078,
      0.009035773575305939,
      0.006439621094614267,
      0.004157985094934702,
      0.002207705285400152,
      0.0005216177087277174,
      0.0,
      0.0,
      0.0,
      0.0,
      0.0
    ],
    "pulse_peak_times": [
      0.19736961451247165,
      0.5804988662131519,
      0.9868480725623583
    ],
    "onset_times": [
      0.034829931972789115,
      0.11609977324263039,
      0.19736961451247165,
      0.301859410430839,
      0.3947392290249433,
      0.47600907029478456,
      0.7430385487528345
    ],
    "attack_times": [
      0.002290249433106576,
      0.091859410430839,
      0.1580952380952381,
      0.2709977324263039,
      0.3809297052154195,
      0.45984126984126983,
      0.7297732426303855
    ],
    "onset_count": 7
  },
  "pitch": {
    "dominant_pitch_hz": 74.66539307480728,
    "pitch_confidence": 0.24168945012872686,
    "chroma_profile": [
      0.05437054857611656,
      0.23841503262519836,
      0.7335959672927856,
      0.43993112444877625,
      0.26039251685142517,
      0.17285709083080292,
      0.13130329549312592,
      0.09243942052125931,
      0.07365813106298447,
      0.07330439239740372,
      0.05398928374052048,
      0.04913116618990898
    ],
    "dominant_pitch_class": 2,
    "pitch_stability": 1.2313834769091714,
    "voiced_frame_count": 102
  },
  "timbre": {
    "mfcc": [
      -608.035400390625,
      74.0215072631836,
      35.43140411376953,
      42.45417785644531,
      31.911252975463867,
      26.25430679321289,
      27.033700942993164,
      21.849224090576172,
      21.22761344909668,
      17.537824630737305,
      13.649495124816895,
      16.55702781677246,
      14.269633293151855
    ],
    "mfcc_delta": [
      -4.808842658996582,
      -1.951778769493103,
      0.7405338883399963,
      -0.5830458998680115,
      0.08431138098239899,
      -0.1532694548368454,
      -0.037451501935720444,
      0.06629396229982376,
      -0.06653577089309692,
      0.09043752402067184,
      0.1305209845304489,
      -0.02441329136490822,
      0.021432215347886086
    ],
    "mfcc_onset": [
      -313.0791206288992,
      185.4153740193862,
      -27.664592371740913,
      66.66517618655186,
      7.182240365156372,
      12.824641714357746,
      18.93001476883338,
      3.976247437685046,
      13.650773123276181,
      3.1257006048107376,
      -3.8653186908865647,
      12.012169025012465,
      5.236641330639981
    ]
  },
  "level": {
    "peak": 0.373016357421875,
    "rms": 0.028977770674480516
  },
  "band_energy": {
    "energy_fractions": [
      0.9303603368148056,
      0.05660929031194981,
      0.00853793018872728,
      0.0037243694477250146
    ],
    "decay_rates": [
      0.8676600711668069,
      0.6255112417094728,
      0.5343184939733435,
      0.46711257645433807
    ]
  }
}