{
  "analysis_version": "11",
  "audio_md5": "dd702fd7f40ed004ec4eb84b5db9515a",
  "sample_rate": 44100,
  "bit_depth": 16,
  "channels": 2,
  "duration": 3.712312925170068,
  "captured_at": null,
  "params": {
    "n_fft": 2048,
    "hop_length": 512,
    "sample_rate": 44100
  },
  "spectral": {
    "spectral_flatness": 0.25876541334177583,
    "attack": 0.5049609864271075,
    "release": 0.9717712883480931,
    "spectral_centroid": 0.7886926441007074,
    "spectral_bandwidth": 0.7230160274328813,
    "zcr": 0.4000152587890625,
    "harmonic_ratio": 0.5760073328399713,
    "spectral_contrast": 0.4284463700616161,
    "voiced_fraction": 0.0,
    "log_attack_time": 0.0,
    "spectral_flux": 0.192911895790272
  },
  "rhythm": {
    "tempo_bpm": 103.359375,
    "beat_times": [
      0.034829931972789115
    ],
    "pulse_curve": [
      0.8734149932861328,
      0.8919509649276733,
      0.9091039896011353,
      0.9248453378677368,
      0.9391458034515381,
      0.9519823789596558,
      0.9633327722549438,
      0.9731792211532593,
      0.9815053939819336,
      0.9882990717887878,
      0.9935510158538818,
      0.9972536563873291,
      0.9994036555290222,
      1.0,
      0.9990435838699341,
      0.9965393543243408,
      0.992494523525238,
      0.9869171977043152,
      0.979820728302002,
      0.971217930316925,
      0.9611260294914246,
      0.9495642185211182,
      0.9365528225898743,
      0.9221152067184448,
      0.9062759280204773,
      0.889062225818634,
      0.8705014586448669,
      0.8506245017051697,
      0.8294628858566284,
      0.8070488572120667,
      0.7834160327911377,
      0.7585998177528381,
      0.7326363325119019,
      0.7055622339248657,
      0.6774170398712158,
      0.648239016532898,
      0.6180688142776489,
      0.5869479179382324,
      0.5549178719520569,
      0.5220215916633606,
      0.48830264806747437,
      0.45380520820617676,
      0.4185737073421478,
      0.38265448808670044,
      0.34609317779541016,
      0.3089373707771301,
      0.27123451232910156,
      0.23303310573101044,
      0.19438226521015167,
      0.15533186495304108,
      0.11593268066644669,
      0.07623588293790817,
      0.036293551325798035,
      0.0,
      0.0,
      0.0,
      0.0,
      0.0,
      0.0,
      0.0,
      0.0,
      0.0,
      0.0,
      0.0,
      0.0,
      0.0,
      0.0,
      0.0,
      0.0,
      0.0,
      0.0,
      0.0,
      0.0,
      0.0,
      0.0,
      0.0,
      0.0,
      0.0,
      0.0,
      0.0,
      0.0,
      0.0,
      0.0,
      0.0,
      0.0,
      0.0,
      0.0,
      0.0,
      0.0,
      0.0,
      0.0,
      0.0,
      0.0,
      0.0,
      0.0,
      0.0,
      0.0,
      0.0,
      0.0,
      0.0,
      0.0,
      0.0,
      0.0,
      0.0,
      0.0,
      0.0,
      0.0,
      0.0,
      0.0,
      0.0,
      0.0,
      0.0,
      0.0,
      0.0,
      0.0,
      0.0,
      0.0,
      0.0,
      0.0,
      0.0,
      0.0,
      0.0,
      0.0,
      0.0,
      0.0,
      0.0,
      0.0,
      0.0,
      0.0,
      0.0,
      0.0016953895101323724,
      0.04735478386282921,
      0.09257993847131729,
      0.13726003468036652,
      0.18128524720668793,
      0.22454747557640076,
      0.266941100358963,
      0.30836188793182373,
      0.3487093448638916,
      0.38788527250289917,
      0.4257950186729431,
      0.4623483419418335,
      0.49745821952819824,
      0.5310426354408264,
      0.5630234479904175,
      0.593328058719635,
      0.6218894720077515,
      0.6486448645591736,
      0.6735380291938782,
      0.6965184211730957,
      0.7175410985946655,
      0.7365667223930359,
      0.7535642981529236,
      0.7685074806213379,
      0.7813767194747925,
      0.7921587824821472,
      0.8008465766906738,
      0.807441771030426,
      0.8119492530822754,
      0.8143834471702576,
      0.8147618174552917,
      0.8131112456321716,
      0.8094625473022461,
      0.8038539886474609,
      0.7963284850120544,
      0.7869356274604797,
      0.7757294178009033,
      0.7627701163291931,
      0.7481213808059692,
      0.7318530082702637,
      0.7140385508537292,
      0.6947551369667053,
      0.6740846633911133,
      0.6521120071411133,
      0.6289238929748535,
      0.6046115756034851,
      0.579268217086792,
      0.5529877543449402,
      0.5258668065071106,
      0.49800315499305725,
      0.4694947898387909,
      0.4404408633708954,
      0.4109395146369934,
      0.38108953833580017,
      0.35098862648010254,
      0.32073351740837097,
      0.290419340133667,
      0.2601393163204193,
      0.2299853265285492,
      0.20004552602767944,
      0.17040616273880005,
      0.1411506086587906,
      0.11235811561346054,
      0.08410496264696121,
      0.056463573127985,
      0.02950192615389824,
      0.0032841104548424482,
      0.0,
      0.0,
      0.0,
      0.0,
      0.0,
      0.0,
      0.0,
      0.0,
      0.0,
      0.0,
      0.0,
      0.0,
      0.0,
      0.0,
      0.0,
      0.0,
      0.0,
      0.0,
      0.0,
      0.0,
      0.0,
      0.0,
      0.0,
      0.0,
      0.0,
      0.0,
      0.0,
      0.0,
      0.0,
      0.0,
      0.0,
      0.0,
      0.0,
      0.0,
      0.0,
      0.0,
      0.0,
      0.0,
      0.0,
      0.0,
      0.0,
      0.0,
      0.0,
      0.0,
      0.0,
      0.0,
      0.0,
      0.0,
      0.0,
      0.0,
      0.0,
      0.0,
      0.0,
      0.0,
      0.0,
      0.0,
      0.0,
      0.0,
      0.0,
      0.0,
      0.0,
      0.0,
      0.0,
      0.0,
      0.0,
      0.0,
      0.0,
      0.0,
      0.0,
      0.0,
      0.0,
      0.0,
      0.0,
      0.0,
      0.0006632996955886483,
      0.0057807499542832375,
      0.010832255706191063,
      0.015825875103473663,
      0.02076907455921173,
      0.0256690364331007,
      0.030532201752066612,
      0.035364434123039246,
      0.04017084091901779,
      0.04495571181178093,
      0.04972248896956444,
      0.054473668336868286,
      0.05921074002981186,
      0.06393419951200485,
      0.0686434730887413,
      0.07333695143461227,
      0.07801180332899094,
      0.08266418427228928,
      0.08728914707899094,
      0.09188087284564972,
      0.09643266350030899,
      0.10093708336353302,
      0.10538583248853683,
      0.10976994037628174,
      0.11407969146966934,
      0.11830485612154007,
      0.12243428826332092,
      0.12645670771598816,
      0.13036015629768372,
      0.13413220643997192,
      0.13776037096977234,
      0.1412317305803299,
      0.1445339173078537,
      0.1476552039384842,
      0.15058422088623047,
      0.15330982208251953,
      0.1558215469121933,
      0.1581093668937683,
      0.16016371548175812,
      0.16197602450847626,
      0.1635381132364273,
      0.16484284400939941,
      0.16588379442691803,
      0.1666555106639862,
      0.16715365648269653,
      0.16737431287765503,
      0.16731518507003784,
      0.16697466373443604,
      0.16635234653949738
    ],
    "pulse_peak_times": [
      0.1509297052154195,
      1.8575963718820863,
      3.6687528344671203
    ],
    "onset_times": [
      0.034829931972789115,
      0.301859410430839,
      0.34829931972789113,
      0.4295691609977324,
      0.5456689342403628,
      0.603718820861678,
      0.7314285714285714,
      0.9404081632653061,
      1.2654875283446712,
      1.6370068027210884,
      1.6834467120181407,
      1.9040362811791383,
      2.0085260770975055,
      3.0650340136054424,
      3.2856235827664397
    ],
    "attack_times": [
      0.004739229024943311,
      0.2831972789115646,
      0.32587301587301587,
      0.40825396825396826,
      0.5181859410430839,
      0.5780272108843537,
      0.6908616780045351,
      0.9105895691609978,
      1.2163718820861678,
      1.5992063492063493,
      1.6727210884353743,
      1.8639229024943311,
      1.9591383219954648,
      3.04671201814059,
      3.240816326530612
    ],
    "onset_count": 15
  },
  "pitch": {
    "dominant_pitch_hz": 0.0,