{
  "analysis_version": "11",
  "audio_md5": "bb84b96df2946d4a137d9b55d7e34d2f",
  "sample_rate": 44100,
  "bit_depth": 16,
  "channels": 2,
  "duration": 2.03281179138322,
  "captured_at": null,
  "params": {
    "n_fft": 2048,
    "hop_length": 512,
    "sample_rate": 44100
  },
  "spectral": {
    "spectral_flatness": 0.31067435838207685,
    "attack": 0.0,
    "release": 0.8521641433762166,
    "spectral_centroid": 0.74965082627408,
    "spectral_bandwidth": 0.7309085720912961,
    "zcr": 0.25974897904829547,
    "harmonic_ratio": 0.23130390481243887,
    "spectral_contrast": 0.3963033644913032,
    "voiced_fraction": 0.0,
    "log_attack_time": 0.0,
    "spectral_flux": 0.14224739354612434
  },
  "rhythm": {
    "tempo_bpm": 129.19921875,
    "beat_times": [
      0.034829931972789115
    ],
    "pulse_curve": [
      0.6024302244186401,
      0.8300042152404785,
      0.966218888759613,
      1.0,
      0.930921733379364,
      0.7689447999000549,
      0.5331247448921204,
      0.2494475394487381,
      0.0,
      0.0,
      0.0,
      0.0,
      0.0,
      0.0,
      0.0,
      0.0,
      0.0,
      0.0,
      0.11833355575799942,
      0.36575186252593994,
      0.5699511766433716,
      0.7110808491706848,
      0.7761774659156799,
      0.7603360414505005,
      0.6670271754264832,
      0.5075626969337463,
      0.29976436495780945,
      0.06599971652030945,
      0.0,
      0.0,
      0.0,
      0.0,
      0.0,
      0.0,
      0.0,
      0.0,
      0.0,
      0.0,
      0.2045758217573166,
      0.3844989240169525,
      0.5205675363540649,
      0.5999324321746826,
      0.615918755531311,
      0.5685643553733826,
      0.46444395184516907,
      0.3158183693885803,
      0.13920876383781433,
      0.0,
      0.0,
      0.0,
      0.0,
      0.0,
      0.0,
      0.0,
      0.0,
      0.0,
      0.0,
      0.07658599317073822,
      0.21861697733402252,
      0.3326284885406494,
      0.40804824233055115,
      0.43875131011009216,
      0.4235254228115082,
      0.36599358916282654,
      0.274025022983551,
      0.15871864557266235,
      0.03308394178748131,
      0.0,
      0.0,
      0.0,
      0.0,
      0.0,
      0.0,
      0.0,
      0.0,
      0.0,
      0.0,
      0.08804981410503387,
      0.161275252699852,
      0.21292994916439056,
      0.23914900422096252,
      0.23900175094604492,
      0.21439100801944733,
      0.16965176165103912,
      0.11091704666614532,
      0.04533422365784645,
      0.0,
      0.0,
      0.0,
      0.0,
      0.0,
      0.0,
      0.0,
      0.0,
      0.0,
      0.0,
      0.028713339939713478,
      0.06375475972890854,
      0.08899249881505966,
      0.10263028740882874,
      0.10427641123533249,
      0.09485866129398346,
      0.07640030235052109,
      0.051695846021175385,
      0.02393258549273014,
      0.0,
      0.0,
      0.0,
      0.0,
      0.0,
      0.0,
      0.0,
      0.0,
      0.0,
      0.0,
      0.007648356258869171,
      0.02147686667740345,
      0.03165598586201668,
      0.037537045776844025,
      0.039005424827337265,
      0.036429405212402344,
      0.03055969998240471,
      0.02239716611802578,
      0.013049420900642872,
      0.003594730282202363,
      0.0,
      0.0,
      0.0,
      0.0,
      0.0,
      0.0,
      0.0,
      0.0,
      0.0,
      0.0,
      0.0009591402485966682,
      0.004415924195200205,
      0.006915363483130932,
      0.008383132517337799,
      0.008868739008903503,
      0.008517956361174583,
      0.007537422236055136,
      0.006157349795103073,
      0.004597912076860666,
      0.003043567994609475,
      0.0016280043637380004,
      0.0004325066111050546,
      0.0,
      0.0,
      0.0,
      0.0,
      0.0,
      0.0,
      0.0,
      0.0,
      0.0,
      0.0,
      0.0,
      0.0,
      0.0,
      0.0,
      0.0,
      0.0,
      0.0,
      0.0,
      0.0001968139549717307,
      0.0004193709755782038,
      0.0006227656849659979,
      0.0007946420810185373,
      0.0009269118891097605,
      0.0010153248440474272,
      0.0010582415852695704,
      0.0010546366684138775,
      0.0010040955385193229,
      0.0009079034207388759,
      0.0007692406070418656
    ],
    "pulse_peak_times": [
      0.034829931972789115,
      0.25541950113378686,
      0.4876190476190476,
      0.7082086167800453,
      0.9287981859410431,
      1.1609977324263039,
      1.3815873015873017,
      1.6137868480725623,
      1.9853061224489796
    ],
    "onset_times": [
      0.034829931972789115,
      0.2438095238095238,
      0.4992290249433107,
      0.5688888888888889,
      0.6733786848072563,
      0.7662585034013606,
      0.9636281179138322,
      1.1145578231292517,
      1.230657596371882,
      1.4512471655328798,
      1.6486167800453515,
      1.8575963718820863,
      1.9504761904761905,
      1.9969160997732427
    ],
    "attack_times": [
      0.002494331065759637,
      0.20052154195011337,
      0.4611791383219955,
      0.5552380952380952,
      0.6260090702947846,
      0.7347392290249433,
      0.9304308390022675,
      1.0993877551020408,
      1.2055102040816326,
      1.4107482993197278,
      1.6168934240362811,
      1.8419501133786849,
      1.9099092970521543,
      1.9812925170068028
    ],
    "onset_count": 14
  },
  "pitch": {
    "dominant_pitch_hz": 0.0,
    "pitch_confidence": 0.0,
    "chroma_profile": [
      0.5819177627563477,
      0.8294298648834229,
      0.7147031426429749,
      0.8248031139373779,
      0.7441583275794983,
      0.6348741054534912,
      0.5144426822662354,
      0.6842042803764343,
      0.4660840332508087,
      0.47677919268608093,
      0.7667176723480225,
      0.7602563500404358
    ],
    "dominant_pitch_class": 1,
    "pitch_stability": 0.0,
    "voiced_frame_count": 0
  },
  "timbre": {
    "mfcc": [
      -493.2181701660156,
      97.88257598876953,
      -68.94932556152344,
      6.644341945648193,
      -12.107217788696289,
      19.664125442504883,
      -13.39699935913086,
      8.909137725830078,
      -9.442805290222168,
      -5.62079381942749,
      -3.9903452396392822,
      0.5844530463218689,
      8.56368350982666
    ],
    "mfcc_delta": [
      -3.2677924633026123,
      0.6965944170951843,
      0.5954192280769348,
      -0.3185938894748688,
      0.12788008153438568,
      0.14342524111270905,
      0.12544679641723633,
      -0.0054567293263971806,
      0.13577419519424438,
      0.07622639834880829,
      0.08441586047410965,
      0.014423191547393799,
      0.04936230182647705
    ],
    "mfcc_onset": [
      -194.32061003918923,
      11.992500164316217,
      -93.439202272791,
      29.4091887442318,
      -22.93871720896878,
      6.112627324577462,
      -9.97520685210058,
      6.483484799612246,
      -15.219689338077119,
      -5.069717649767866,
      -14.171657410100112,
      1.727153184487199,
      -1.4627587152680788
    ]
  },
  "level": {
    "peak": 0.1551971435546875,
    "rms": 0.013098795470980288
  },
  "band_energy": {
    "energy_fractions": [
      0.001279384531685323,
      0.07490027329547316,
      0.6930056826661805,
      0.23077783644365435
    ],
    "decay_rates": [
      0.8940609750766093,
      0.883387828664827,
      0.8449202960204456,
      0.8424142521563013
    ]
  }
}