{
  "analysis_version": "11",
  "audio_md5": "45e110904244e834cc32ca3800061c96",
  "sample_rate": 44100,
  "bit_depth": 16,
  "channels": 2,
  "duration": 2.4705668934240363,
  "captured_at": null,
  "params": {
    "n_fft": 2048,
    "hop_length": 512,
    "sample_rate": 44100
  },
  "spectral": {
    "spectral_flatness": 0.19023073408411026,
    "attack": 0.0,
    "release": 0.9271247368626072,
    "spectral_centroid": 0.7262348554098937,
    "spectral_bandwidth": 0.6848832064923083,
    "zcr": 0.24432401701877934,
    "harmonic_ratio": 0.744202934267597,
    "spectral_contrast": 0.44549408077946123,
    "voiced_fraction": 0.0,
    "log_attack_time": 0.0,
    "spectral_flux": 0.0
  },
  "rhythm": {
    "tempo_bpm": 172.265625,
    "beat_times": [
      0.034829931972789115
    ],
    "pulse_curve": [
      0.6683319211006165,
      0.8647248148918152,
      0.9780545234680176,
      1.0,
      0.9319151639938354,
      0.7842663526535034,
      0.5750767588615417,
      0.3276126980781555,
      0.06759845465421677,
      0.0,
      0.0,
      0.0,
      0.0,
      0.0,
      0.0,
      0.0,
      0.0,
      0.0,
      0.0,
      0.0,
      0.021781956776976585,
      0.09648954123258591,
      0.14218631386756897,
      0.16206839680671692,
      0.1628096103668213,
      0.1531638354063034,
      0.14235733449459076,
      0.13850271701812744,
      0.14725364744663239,
      0.17088110744953156,
      0.20788896083831787,
      0.25321173667907715,
      0.2989582419395447,
      0.3355914056301117,
      0.3533788025379181,
      0.34391161799430847,
      0.3014860451221466,
      0.22415602207183838,
      0.11431387066841125,
      0.0,
      0.0,
      0.0,
      0.0,
      0.0,
      0.0,
      0.0,
      0.0,
      0.0,
      0.0,
      0.0,
      0.0,
      0.1197485625743866,
      0.30712902545928955,
      0.46967989206314087,
      0.5944693088531494,
      0.6722787618637085,
      0.6983436942100525,
      0.6726033091545105,
      0.5994560122489929,
      0.48708054423332214,
      0.34641897678375244,
      0.18995274603366852,
      0.030430633574724197,
      0.0,
      0.0,
      0.0,
      0.0,
      0.0,
      0.0,
      0.0,
      0.0,
      0.0,
      0.0,
      0.0,
      0.0,
      0.0,
      0.017256682738661766,
      0.09376741200685501,
      0.16441114246845245,
      0.22757987678050995,
      0.2815689146518707,
      0.3244909942150116,
      0.3543146550655365,
      0.36902540922164917,
      0.3668850362300873,
      0.3467439115047455,
      0.30835068225860596,
      0.25260835886001587,
      0.18171969056129456,
      0.09919166564941406,
      0.00968206487596035,
      0.0,
      0.0,
      0.0,
      0.0,
      0.0,
      0.0,
      0.0,
      0.0,
      0.0,
      0.0,
      0.0,
      0.0,
      0.021770095452666283,
      0.09892876446247101,
      0.16620834171772003,
      0.21988262236118317,
      0.25740793347358704,
      0.27749791741371155,
      0.2800932228565216,
      0.2662433385848999,
      0.2379256635904312,
      0.1978258639574051,
      0.1491047441959381,
      0.0951690524816513,
      0.03946492820978165,
      0.0,
      0.0,
      0.0,
      0.0,
      0.0,
      0.0,
      0.0,
      0.0,
      0.0,
      0.0,
      0.0,
      0.0,
      0.0,
      0.0,
      0.02199789136648178,
      0.04517437890172005,
      0.06301327049732208,
      0.07499196380376816,
      0.0809876099228859,
      0.08123688399791718,
      0.07627928256988525,
      0.06689025461673737,
      0.05400906875729561,
      0.038667984306812286,
      0.021926837041974068,
      0.004815522115677595,
      0.0,
      0.0,
      0.0,
      0.0,
      0.0,
      0.0,
      0.0,
      0.0,
      0.0,
      0.0,
      0.0,
      0.0,
      0.0,
      0.0,
      4.7692126827314496e-05,
      0.006980526261031628,
      0.011837873607873917,
      0.014440418221056461,
      0.014823327772319317,
      0.01322911400347948,
      0.010080065578222275,
      0.005932255182415247,
      0.0014155561802908778,
      0.0,
      0.0,
      0.0,
      0.0,
      0.0,
      0.0,
      0.0,
      0.0028830755036324263,
      0.007504201494157314,
      0.011735196225345135,
      0.015070606023073196,
      0.01712171547114849,
      0.017665430903434753,
      0.01667320542037487,
      0.014316159300506115,
      0.01094549149274826,
      0.007050199434161186,
      0.003196948440745473,
      0.0,
      0.0,
      0.0,
      0.0,
      0.0011288359528407454,
      0.00539995776489377,
      0.01073091197758913,
      0.016558123752474785,
      0.02223578840494156,
      0.0271131694316864,
      0.030614342540502548,
      0.032310694456100464,
      0.03197686746716499,
      0.02962299808859825,
      0.02549847587943077,
      0.02006704919040203,
      0.013955920934677124,
      0.007881843484938145,
      0.0025637869257479906,
      0.0,
      0.0,
      0.0,
      0.0,
      0.002445083111524582,
      0.007500184699892998,
      0.013086731545627117,
      0.01841687224805355,
      0.022713836282491684,
      0.02531275898218155,
      0.025749895721673965
    ],
    "pulse_peak_times": [
      0.034829931972789115,
      0.2786394557823129,
      0.3947392290249433,
      0.6501587301587302,
      0.9636281179138322,
      1.2654875283446712,
      1.5673469387755101,
      1.8575963718820863,
      2.0549659863945577,
      2.2523356009070294
    ],
    "onset_times": [
      0.034829931972789115,
      0.13931972789115646,
      0.19736961451247165,
      0.2438095238095238,
      0.301859410430839,
      0.37151927437641724,
      0.4179591836734694,
      0.5224489795918368,
      0.5804988662131519,
      0.6617687074829932,
      0.7662585034013606,
      0.8707482993197279,
      0.9520181405895691,
      1.0216780045351475,
      1.1029478458049886,
      1.207437641723356,
      1.2887074829931973,
      1.3351473922902495,
      1.4280272108843537,
      1.5209070294784581,
      1.7066666666666668,
      1.7647165532879818,
      1.8343764172335602,
      1.8692063492063493,
      2.0085260770975055,
      2.078185941043084,
      2.1130158730158732,
      2.1942857142857144,
      2.2291156462585033,
      2.345215419501134,
      2.426485260770975
    ],
    "attack_times": [
      0.0019501133786848073,
      0.09213151927437642,
      0.19253968253968254,
      0.23058956916099774,
      0.28668934240362814,
      0.363718820861678,
      0.4061224489795918,
      0.5099546485260771,
      0.569092970521542,
      0.6517460317460317,
      0.7297052154195012,
      0.8241950113378684,
      0.9267573696145125,
      1.0024716553287982,
      1.0772108843537416,
      1.1931519274376416,
      1.2578004535147391,
      1.3259863945578232,
      1.3869614512471655,
      1.4898866213151927,
      1.6736507936507936,
      1.7368253968253968,
      1.8094557823129251,
      1.8532426303854874,
      1.9853968253968255,
      2.0458956916099775,
      2.1048526077097507,
      2.167233560090703,
      2.2217460317460316,
      2.311972789115646,
      2.3873242630385487
    ],
    "onset_count": 31
  },
  "pitch": {
    "dominant_pitch_hz": 0.0,
    "pitch_confidence": 0.0,
    "chroma_profile": [
      0.40111982822418213,
      0.24294042587280273,
      0.4168648421764374,
      0.6082128286361694,
      0.8302921652793884,
      0.7032889127731323,
      0.5237088203430176,
      0.8129870891571045,
      0.7257956862449646,
      0.502428412437439,
      0.4408113360404968,
      0.7309062480926514
    ],
    "dominant_pitch_class": 4,
    "pitch_stability": 0.0,
    "voiced_frame_count": 0
  },
  "timbre": {
    "mfcc": [
      -528.7532348632812,
      106.63093566894531,
      -113.74724578857422,
      4.784067153930664,
      2.2484354972839355,
      -5.451138973236084,
      -9.60411262512207,
      -6.283138751983643,
      -3.5053398609161377,
      -9.307703018188477,
      -6.41141939163208,
      -4.5355610847473145,
      -5.4117326736450195
    ],