{
  "analysis_version": "10",
  "audio_md5": "80ec8d8e8ed3dd4c29c670f99c6f8351",
  "sample_rate": 44100,
  "bit_depth": 16,
  "channels": 2,
  "duration": 0.6526757369614512,
  "captured_at": null,
  "params": {
    "n_fft": 2048,
    "hop_length": 512,
    "sample_rate": 44100
  },
  "spectral": {
    "spectral_flatness": 0.5002260649015007,
    "attack": 0.0,
    "release": 0.6788555794728325,
    "spectral_centroid": 0.9039684566688994,
    "spectral_bandwidth": 0.7863908303970399,
    "zcr": 0.920641447368421,
    "harmonic_ratio": 0.12374213911631259,
    "spectral_contrast": 0.39162916953226734,
    "voiced_fraction": 1.0,
    "log_attack_time": 0.0,
    "spectral_flux": 0.23719240119316176
  },
  "rhythm": {
    "tempo_bpm": 120.18531976744185,
    "beat_times": [
      0.034829931972789115
    ],
    "pulse_curve": [
      0.8301648497581482,
      0.9459316730499268,
      1.0,
      0.9903852343559265,
      0.9213208556175232,
      0.8024969100952148,
      0.6478044390678406,
      0.47371068596839905,
      0.2974316477775574,
      0.13508225977420807,
      1.978437680349998e-08,
      0.0,
      0.0,
      0.0,
      0.0,
      0.0,
      0.0,
      0.0,
      0.05044250190258026,
      0.0849180594086647,
      0.0993146002292633,
      0.09347306191921234,
      0.07079117000102997,
      0.03723960369825363,
      1.4137017585838335e-26,
      0.0,
      0.0,
      0.0,
      0.0,
      0.0,
      0.0,
      0.0,
      0.0,
      0.0,
      0.0,
      0.0,
      0.0,
      0.0,
      0.0,
      5.6493273325557195e-21,
      2.5089119031911416e-21,
      0.0,
      0.0,
      0.0,
      0.0,
      0.0,
      0.0,
      0.0,
      0.0,
      0.0,
      0.0,
      0.0,
      0.0,
      2.2949463704558857e-21,
      2.748140169990685e-21,
      2.0671655482419304e-21,
      1.0355985219930839e-21
    ],
    "pulse_peak_times": [
      0.023219954648526078,
      0.23219954648526078,
      0.4527891156462585,
      0.626938775510204
    ],
    "onset_times": [
      0.034829931972789115,
      0.1509297052154195,
      0.19736961451247165,
      0.40634920634920635,
      0.5108390022675737
    ],
    "attack_times": [
      0.003673469387755102,
      0.13435374149659865,
      0.19453514739229025,
      0.3812471655328798,
      0.47947845804988665
    ],
    "onset_count": 5
  },
  "pitch": {
    "dominant_pitch_hz": 1641.3886264643743,
    "pitch_confidence": 0.010003930666779052,
    "chroma_profile": [
      0.9413630962371826,
      0.9031461477279663,
      0.7458916306495667,
      0.7583853602409363,
      0.4212864339351654,
      0.32066163420677185,
      0.40426796674728394,
      0.49713751673698425,
      0.42763760685920715,
      0.4230508506298065,
      0.4516220688819885,
      0.4905703365802765
    ],
    "dominant_pitch_class": 0,
    "pitch_stability": 0.06077371254627553,
    "voiced_frame_count": 57
  },
  "timbre": {
    "mfcc": [
      -572.2430419921875,
      -103.64447784423828,
      1.3272976875305176,
      38.11220169067383,
      -9.262578964233398,
      0.10546553879976273,
      19.810144424438477,
      10.89599609375,
      -16.707500457763672,
      29.87278938293457,
      -0.7057660818099976,
      -3.4662599563598633,
      13.435750007629395
    ],
    "mfcc_delta": [
      -9.991263389587402,
      1.3703309297561646,
      0.3366642892360687,
      0.014583976939320564,
      0.05032560974359512,
      -0.2026052474975586,
      -0.22883392870426178,
      -0.1363532990217209,
      0.021470846608281136,
      -0.20075611770153046,
      -0.07717996090650558,
      -0.020373176783323288,
      0.05559539049863815
    ],
    "mfcc_onset": [
      -294.9753217509254,
      -125.4984106126736,
      -8.345273375104421,
      32.666149085843166,
      -12.620193420515037,
      4.020131055199195,
      25.408424226503193,
      11.815519964211393,
      -18.9096394115465,
      34.92132097615226,
      1.267069725221808,
      -4.989570131938441,
      13.0258120318157
    ]
  },
  "level": {
    "peak": 0.32647705078125,
    "rms": 0.029553898526993905
  },
  "band_energy": {
    "energy_fractions": [
      0.00014196920589330708,
      0.00029075170795428,
      0.2169592727763002,
      0.7804047720942775
    ],
    "decay_rates": [
      0.687346481899366,
      0.5961537341632369,
      0.6494980719265965,
      0.6788555794728324
    ]
  }
}