{
  "analysis_version": "10",
  "audio_md5": "01c6017a8659914192c90eca20e175cb",
  "sample_rate": 44100,
  "bit_depth": 16,
  "channels": 2,
  "duration": 1.5315419501133787,
  "captured_at": null,
  "params": {
    "n_fft": 2048,
    "hop_length": 512,
    "sample_rate": 44100
  },
  "spectral": {
    "spectral_flatness": 0.33003607237369414,
    "attack": 0.0,
    "release": 0.8398595442172823,
    "spectral_centroid": 0.8081166056164957,
    "spectral_bandwidth": 0.7409711266911503,
    "zcr": 0.46435546875,
    "harmonic_ratio": 0.31945458941272964,
    "spectral_contrast": 0.4351169291892404,
    "voiced_fraction": 0.0,
    "log_attack_time": 0.0,
    "spectral_flux": 0.15172695223558963
  },
  "rhythm": {
    "tempo_bpm": 135.99917763157896,
    "beat_times": [
      0.034829931972789115
    ],
    "pulse_curve": [
      0.9733837246894836,
      0.9975153803825378,
      1.0,
      0.9815884232521057,
      0.9433891773223877,
      0.8868791460990906,
      0.8139029741287231,
      0.7266551852226257,
      0.6276428699493408,
      0.5196225047111511,
      0.4055154323577881,
      0.28830698132514954,
      0.17093391716480255,
      0.056171491742134094,
      0.0,
      0.0,
      0.0,
      0.0,
      0.0,
      0.0,
      0.0,
      0.0,
      0.0,
      0.0,
      0.0,
      0.0,
      0.0,
      0.0,
      0.0,
      0.0,
      0.0,
      0.0,
      0.0,
      0.0,
      0.0,
      0.0,
      0.044063907116651535,
      0.11877278983592987,
      0.18735432624816895,
      0.24753382802009583,
      0.29739275574684143,
      0.33550792932510376,
      0.36105623841285706,
      0.37387120723724365,
      0.37444329261779785,
      0.36386051774024963,
      0.343701034784317,
      0.3158860504627228,
      0.28250670433044434,
      0.24564537405967712,
      0.2072097361087799,
      0.16880092024803162,
      0.131624236702919,
      0.09645474702119827,
      0.06365710496902466,
      0.033254459500312805,
      0.005034309811890125,
      0.0,
      0.0,
      0.0,
      0.0,
      0.0,
      0.0,
      0.0,
      0.0,
      0.0,
      0.0,
      0.0,
      0.0,
      0.0,
      0.0,
      0.0,
      0.0,
      0.0,
      0.016847804188728333,
      0.04389004409313202,
      0.06678745895624161,
      0.08440186083316803,
      0.09601949900388718,
      0.10138937830924988,
      0.10071507841348648,
      0.09460864961147308,
      0.08401834964752197,
      0.07012096047401428,
      0.05419980734586716,
      0.03752661123871803,
      0.02125883288681507,
      0.00636277673766017,
      0.0,
      0.0,
      0.0,
      0.0,
      0.0,
      0.0,
      0.0,
      0.0,
      0.0,
      0.0,
      0.004926818888634443,
      0.01668439991772175,
      0.02969193644821644,
      0.043735817074775696,
      0.05853491276502609,
      0.07373803108930588,
      0.08892737329006195,
      0.1036321148276329,
      0.11735326796770096,
      0.12959671020507812,
      0.13990993797779083,
      0.1479174792766571,
      0.1533501148223877,
      0.1560562252998352,
      0.15599799156188965,
      0.15326538681983948,
      0.14807341992855072,
      0.14074428379535675,
      0.1316816508769989,
      0.12134004384279251,
      0.11019416898488998,
      0.09871001541614532,
      0.08732203394174576,
      0.07641701400279999,
      0.06632784008979797,
      0.057338062673807144,
      0.0496818907558918,
      0.043539099395275116,
      0.039027947932481766,
      0.03619677573442459,
      0.03501873090863228,
      0.03539261966943741,
      0.03714646399021149,
      0.04004359245300293
    ],
    "pulse_peak_times": [
      0.023219954648526078,
      0.5108390022675737,
      0.9171882086167801,
      1.2887074829931973
    ],
    "onset_times": [
      0.034829931972789115,
      0.5224489795918368,
      1.172607709750567
    ],
    "attack_times": [
      0.0033786848072562357,
      0.48471655328798186,
      1.1443083900226758
    ],
    "onset_count": 3
  },
  "pitch": {
    "dominant_pitch_hz": 0.0,
    "pitch_confidence": 0.0,
    "chroma_profile": [
      0.5640210509300232,
      0.45622727274894714,
      0.4545484781265259,
      0.4820603132247925,
      0.5963362455368042,
      0.8074777722358704,
      0.5936242938041687,
      0.44286859035491943,
      0.5658584833145142,
      0.43296554684638977,
      0.8587135076522827,
      0.7648575901985168
    ],
    "dominant_pitch_class": 10,
    "pitch_stability": 0.0,
    "voiced_frame_count": 0
  },
  "timbre": {
    "mfcc": [
      -471.7637023925781,
      28.061092376708984,
      -80.57585906982422,
      28.23149299621582,
      -41.801536560058594,
      11.9047212600708,
      3.661748170852661,
      19.717355728149414,
      14.1629056930542,
      15.737875938415527,
      0.6753455996513367,
      10.018515586853027,
      5.02364444732666
    ],
    "mfcc_delta": [
      -3.979381561279297,
      0.5259351134300232,
      0.25998884439468384,
      0.11946938931941986,
      0.3450091481208801,
      -0.21646833419799805,
      0.3400740325450897,
      0.030161987990140915,
      0.16767911612987518,
      0.08460080623626709,
      0.1269703507423401,
      -0.02257688157260418,
      0.05072178691625595
    ],
    "mfcc_onset": [
      -207.02938518053068,
      -11.240082986652801,
      -77.60292185699069,
      12.895548960193116,
      -46.75877573476257,
      16.78708833424179,
      -18.43080492477008,
      11.089990104962617,
      -1.0552949339254534,
      10.791452569223203,
      -6.714473545780045,
      10.482822439203126,
      -0.5014203075863671
    ]
  },
  "level": {
    "peak": 0.1789703369140625,
    "rms": 0.012853800842840891
  },
  "band_energy": {
    "energy_fractions": [
      0.0005329373637268961,
      0.06481244289745508,
      0.3141362390489929,
      0.6204616193954012
    ],
    "decay_rates": [
      0.9174770307545661,
      0.8111453793951795,
      0.8497935688821238,
      0.8318835673988549
    ]
  }
}