{
  "analysis_version": "11",
  "audio_md5": "2fefc433ae69ffffdbe39539c1c7505c",
  "sample_rate": 44100,
  "bit_depth": 16,
  "channels": 2,
  "duration": 3.1600226757369616,
  "captured_at": null,
  "params": {
    "n_fft": 2048,
    "hop_length": 512,
    "sample_rate": 44100
  },
  "spectral": {
    "spectral_flatness": 0.2869024586886999,
    "attack": 0.4137682386909784,
    "release": 0.9535256407724096,
    "spectral_centroid": 0.7712230799323645,
    "spectral_bandwidth": 0.7055593977850646,
    "zcr": 0.3583376259157509,
    "harmonic_ratio": 0.4653075767886093,
    "spectral_contrast": 0.41678204805037833,
    "voiced_fraction": 0.06593406593406594,
    "log_attack_time": 0.0,
    "spectral_flux": 0.20169945687110347
  },
  "rhythm": {
    "tempo_bpm": 191.40625,
    "beat_times": [
      0.034829931972789115
    ],
    "pulse_curve": [
      0.8218134641647339,
      0.8482450842857361,
      0.8728650212287903,
      0.895561695098877,
      0.916229248046875,
      0.9347699284553528,
      0.9510970711708069,
      0.9651409983634949,
      0.9768475890159607,
      0.986186146736145,
      0.9931460022926331,
      0.9977390170097351,
      1.0,
      0.9999831318855286,
      0.9977614879608154,
      0.9934220910072327,
      0.9870619177818298,
      0.978783905506134,
      0.9686906337738037,
      0.9568799138069153,
      0.9434405565261841,
      0.9284456968307495,
      0.9119511842727661,
      0.8939906358718872,
      0.8745771646499634,
      0.8536990880966187,
      0.8313230872154236,
      0.8073967099189758,
      0.7818508148193359,
      0.7546054124832153,
      0.725576639175415,
      0.6946811676025391,
      0.6618452072143555,
      0.6270103454589844,
      0.5901412963867188,
      0.5512312054634094,
      0.5103071331977844,
      0.46743443608283997,
      0.4227185547351837,
      0.3763059973716736,
      0.32838329672813416,
      0.2791740894317627,
      0.2289344221353531,
      0.177946999669075,
      0.12651322782039642,
      0.07494499534368515,
      0.023555317893624306,
      0.0,
      0.0,
      0.0,
      0.0,
      0.0,
      0.0,
      0.0,
      0.0,
      0.0,
      0.0,
      0.0,
      0.0,
      0.0,
      0.0,
      0.0,
      0.0,
      0.0,
      0.0,
      0.0,
      0.0,
      0.0,
      0.0,
      0.0,
      0.0,
      0.0,
      0.0,
      0.0,
      0.0,
      0.0,
      0.0,
      0.0,
      0.0,
      0.0,
      0.0,
      0.0,
      0.0,
      0.0,
      0.0,
      0.0,
      0.0,
      0.0,
      0.0,
      0.0,
      0.0,
      0.0,
      0.0,
      0.0,
      0.0,
      0.0,
      0.0,
      0.0,
      0.0,
      0.0,
      0.0,
      0.0,
      0.0,
      0.0,
      0.0,
      0.0,
      0.0,
      0.0,
      0.0,
      0.0,
      0.0,
      0.0,
      0.0,
      0.0,
      0.0,
      0.0,
      0.03269505500793457,
      0.07892642915248871,
      0.12391364574432373,
      0.16705134510993958,
      0.2077590972185135,
      0.24550168216228485,
      0.27980872988700867,
      0.3102911412715912,
      0.3366546630859375,
      0.3587099611759186,
      0.3763793408870697,
      0.38969728350639343,
      0.3988083004951477,
      0.4039599895477295,
      0.40549275279045105,
      0.40382441878318787,
      0.39943432807922363,
      0.39284420013427734,
      0.38459646701812744,
      0.3752361536026001,
      0.36528873443603516,
      0.3552418053150177,
      0.34552910923957825,
      0.33651605248451233,
      0.32849016785621643,
      0.32165223360061646,
      0.3161151707172394,
      0.31190401315689087,
      0.3089604675769806,
      0.30715057253837585,
      0.3062760531902313,
      0.3060876727104187,
      0.30629870295524597,
      0.3066023886203766,
      0.30668753385543823,
      0.306253582239151,
      0.3050246238708496,
      0.302762895822525,
      0.299278199672699,
      0.29443517327308655,
      0.28815755248069763,
      0.2804301083087921,
      0.2712964117527008,
      0.2608548104763031,
      0.24925103783607483,
      0.2366698831319809,
      0.22332435846328735,
      0.20944450795650482,
      0.19526568055152893,
      0.18101753294467926,
      0.16691333055496216,
      0.15314047038555145,
      0.13985416293144226,
      0.1271710842847824,
      0.11516717076301575,
      0.10387663543224335,
      0.09329397976398468,
      0.0833776444196701,
      0.07405561953783035,
      0.06523306667804718,
      0.05680018290877342,
      0.04864112287759781,
      0.04064296558499336,
      0.0327041856944561,
      0.02474229969084263,
      0.016700129956007004,
      0.008550625294446945,
      0.0002999636344611645,
      0.0,
      0.0,
      0.0,
      0.0,
      0.0,
      0.0,
      0.0,
      0.0,
      0.0,
      0.0,
      0.0,
      0.0,
      0.0,
      0.0,
      0.0,
      0.0,
      0.0,
      0.0,
      0.0,
      0.0,
      0.0,
      0.0,
      0.0,
      0.0030054764356464148,
      0.009745716117322445,
      0.015660787001252174,
      0.02061416022479534,
      0.024506503716111183,
      0.027278047055006027,
      0.02890930138528347,
      0.029420191422104836,
      0.02886766754090786,
      0.027341878041625023,
      0.024961264804005623,
      0.021866681054234505,
      0.01821500062942505,
      0.014172330498695374,
      0.009907297790050507,
      0.005584541242569685,
      0.0013588637812063098,
      0.0,
      0.0,
      0.0,
      0.0,
      0.0,
      0.0,
      0.0,
      0.0,
      0.0,
      0.0,
      0.0,
      0.0,
      0.0,
      0.0,
      0.0,
      0.0,
      0.0,
      0.0,
      0.0014913644408807158,
      0.0033536578994244337,
      0.005043474957346916,
      0.006544474046677351,
      0.007848650217056274,
      0.008955098688602448,
      0.009868630208075047,
      0.010598374530673027,
      0.011156482622027397,
      0.011556979268789291,
      0.011814859695732594,
      0.011945432052016258,
      0.011963966302573681,
      0.01188580971211195,
      0.01172720454633236,
      0.011505469679832458,
      0.01123885065317154,
      0.010946262627840042,
      0.01064674835652113,
      0.010358884930610657,
      0.010099985636770725,
      0.009885242208838463,
      0.0097268745303154,
      0.009633300825953484,
      0.00960847269743681,
      0.009651396423578262,
      0.009755910374224186,
      0.009911350905895233,
      0.010103314183652401,
      0.010314228013157845,
      0.01052404660731554
    ],
    "pulse_peak_times": [
      0.13931972789115646,
      1.509297052154195,
      1.7414965986394557,
      2.48453514739229,
      2.948934240362812
    ],
    "onset_times": [
      0.034829931972789115,
      0.19736961451247165,
      0.301859410430839,
      0.34829931972789113,
      0.7430385487528345,
      0.8707482993197279,
      1.0448979591836736,
      1.1261678004535147,
      1.474467120181406,
      1.9504761904761905,
      2.380045351473923,
      3.0998639455782313
    ],
    "attack_times": [
      0.003061224489795918,
      0.15036281179138322,
      0.2808390022675737,
      0.33040816326530614,
      0.7047619047619048,
      0.8419954648526077,
      1.018843537414966,
      1.0886621315192744,
      1.4584807256235828,
      1.928095238095238,
      2.3456009070294783,
      3.066190476190476
    ],
    "onset_count": 12
  },
  "pitch": {
    "dominant_pitch_hz": 1738.990673240099,
    "pitch_confidence": 0.010181260869756735,
    "chroma_profile": [
      0.6519759297370911,
      0.5867959260940552,
      0.5143535137176514,
      0.4707697927951813,
      0.39630594849586487,
      0.40653470158576965,
      0.47169774770736694,
      0.526885986328125,
      0.583246111869812,
      0.9473339319229126,
      0.6269726157188416,
      0.5454609394073486
    ],
    "dominant_pitch_class": 9,
    "pitch_stability": 0.17042068500198407,
    "voiced_frame_count": 18
  },