{
  "analysis_version": "11",
  "audio_md5": "436ed07b3ffaa59fc73665b11f658856",
  "sample_rate": 44100,
  "bit_depth": 16,
  "channels": 2,
  "duration": 0.5501133786848073,
  "captured_at": null,
  "params": {
    "n_fft": 2048,
    "hop_length": 512,
    "sample_rate": 44100
  },
  "spectral": {
    "spectral_flatness": 0.11131206693835152,
    "attack": 0.0,
    "release": 0.5343184939733435,
    "spectral_centroid": 0.7027580279382336,
    "spectral_bandwidth": 0.7375358330737384,
    "zcr": 0.09389241536458333,
    "harmonic_ratio": 0.2367819032160441,
    "spectral_contrast": 0.458898054602651,
    "voiced_fraction": 1.0,
    "log_attack_time": 0.0,
    "spectral_flux": 0.0
  },
  "rhythm": {
    "tempo_bpm": 120.18531976744185,
    "beat_times": [
      0.19736961451247165
    ],
    "pulse_curve": [
      0.0,
      0.0,
      0.0,
      0.0,
      0.09242440015077591,
      0.2052667737007141,
      0.3184646666049957,
      0.43041303753852844,
      0.5391296744346619,
      0.6423142552375793,
      0.7374212741851807,
      0.8217559456825256,
      0.8925976157188416,
      0.9473557472229004,
      0.9837489128112793,
      1.0,
      0.9950250387191772,
      0.9685922861099243,
      0.9214275479316711,
      0.8552420735359192,
      0.7726722955703735,
      0.6771299839019775,
      0.572582483291626,
      0.46328359842300415,
      0.3534913957118988,
      0.2472013235092163,
      0.1479342132806778,
      0.058618564158678055,
      0.0,
      0.0,
      0.0,
      0.0,
      0.0,
      0.0,
      0.0,
      0.0,
      0.0,
      0.0,
      0.0,
      0.0,
      0.0,
      0.0,
      0.0,
      0.0,
      0.0,
      0.0,
      0.0,
      0.0
    ],
    "pulse_peak_times": [
      0.17414965986394557
    ],
    "onset_times": [
      0.034829931972789115,
      0.11609977324263039,
      0.18575963718820862,
      0.301859410430839,
      0.40634920634920635
    ],
    "attack_times": [
      0.003492063492063492,
      0.08024943310657597,
      0.15410430839002268,
      0.2842857142857143,
      0.37206349206349204
    ],
    "onset_count": 5
  },
  "pitch": {
    "dominant_pitch_hz": 921.1982198664551,
    "pitch_confidence": 0.3677899022835607,
    "chroma_profile": [
      0.5684008598327637,
      0.4615973234176636,
      0.42148295044898987,
      0.40678277611732483,
      0.4578702449798584,
      0.39310982823371887,
      0.2586451768875122,
      0.33157071471214294,
      0.4291020631790161,
      0.9167067408561707,
      0.7904264330863953,
      0.3511051833629608
    ],
    "dominant_pitch_class": 9,
    "pitch_stability": 0.34514866965797,
    "voiced_frame_count": 48
  },
  "timbre": {
    "mfcc": [
      -538.58154296875,
      71.65341186523438,
      -21.32123565673828,
      -26.999860763549805,
      -35.3255615234375,
      -20.499710083007812,
      -7.388395309448242,
      0.01881774328649044,
      14.776714324951172,
      20.069799423217773,
      6.451803684234619,
      -5.6171722412109375,
      -15.512150764465332
    ],
    "mfcc_delta": [
      -9.395365715026855,
      -2.2399613857269287,
      1.4342526197433472,
      -0.12357747554779053,
      0.6644124984741211,
      -0.008687232621014118,
      0.3607295751571655,
      0.15022079646587372,
      0.15601518750190735,
      -0.3024021089076996,
      0.14839327335357666,
      -0.03866500034928322,
      0.3354744017124176
    ],
    "mfcc_onset": [
      -315.7176302723898,
      118.16560952205229,
      -56.453021441714625,
      -14.726121686031483,
      -47.032521759188754,
      -17.044882030074564,
      -13.062558056540237,
      -2.914404912732062,
      10.863829881113743,
      24.473074701835657,
      1.971873883546124,
      -2.5180915073894914,
      -21.13353578194746
    ]
  },
  "level": {
    "peak": 0.2770843505859375,
    "rms": 0.024195805917069716
  },
  "band_energy": {
    "energy_fractions": [
      0.0006128742555883807,
      0.9624491518072407,
      0.03312446904348423,
      0.003692033099663674
    ],
    "decay_rates": [
      0.6380505658636294,
      0.5343184939733435,
      0.5343184939733435,
      0.5343184939733435
    ]
  }
}