{
  "analysis_version": "10",
  "audio_md5": "6e90b4989d57a7d41a88a99664094920",
  "sample_rate": 44100,
  "bit_depth": 16,
  "channels": 2,
  "duration": 0.6043764172335601,
  "captured_at": null,
  "params": {
    "n_fft": 2048,
    "hop_length": 512,
    "sample_rate": 44100
  },
  "spectral": {
    "spectral_flatness": 0.6979628710309496,
    "attack": 0.0,
    "release": 0.5049609864271075,
    "spectral_centroid": 0.8987092828704725,
    "spectral_bandwidth": 0.7469043436749272,
    "zcr": 0.9112249410377359,
    "harmonic_ratio": 0.007481297649177857,
    "spectral_contrast": 0.3997591952565686,
    "voiced_fraction": 0.0,
    "log_attack_time": 0.32257549095484916,
    "spectral_flux": 0.198940642185837
  },
  "rhythm": {
    "tempo_bpm": 120.18531976744185,
    "beat_times": [
      0.034829931972789115
    ],
    "pulse_curve": [
      0.5663691759109497,
      0.827957034111023,
      0.9755305647850037,
      1.0,
      0.9070214629173279,
      0.7156628966331482,
      0.45564746856689453,
      0.1634470820426941,
      0.0,
      0.0,
      0.0,
      0.0,
      0.0,
      0.0,
      0.0,
      0.0,
      0.05716191604733467,
      0.24240364134311676,
      0.37973693013191223,
      0.45404115319252014,
      0.4613611102104187,
      0.4085844159126282,
      0.3111972510814667,
      0.18967090547084808,
      0.06529778987169266,
      0.0,
      0.0,
      0.0,
      0.0,
      0.0,
      0.0,
      0.0,
      0.0,
      0.0,
      0.026864895597100258,
      0.041769854724407196,
      0.04273635894060135,
      0.03286286070942879,
      0.016798844560980797,
      0.0,
      0.0,
      0.0,
      0.0,
      0.0,
      0.0,
      0.0,
      0.0,
      0.0,
      0.0,
      0.0,
      0.0,
      0.0,
      0.0
    ],
    "pulse_peak_times": [
      0.034829931972789115,
      0.23219954648526078,
      0.4179591836734694
    ],
    "onset_times": [
      0.034829931972789115,
      0.2089795918367347
    ],
    "attack_times": [
      0.00893424036281179,
      0.17058956916099774
    ],
    "onset_count": 2
  },
  "pitch": {
    "dominant_pitch_hz": 0.0,
    "pitch_confidence": 0.0,
    "chroma_profile": [
      0.998875081539154,
      0.8058529496192932,
      0.652309000492096,
      0.8044970631599426,
      0.7346431612968445,
      0.7796096801757812,
      0.6060405373573303,
      0.5897113680839539,
      0.43702346086502075,
      0.40653640031814575,
      0.4284469187259674,
      0.4923563599586487
    ],
    "dominant_pitch_class": 0,
    "pitch_stability": 0.0,
    "voiced_frame_count": 0
  },
  "timbre": {
    "mfcc": [
      -662.5137329101562,
      -109.53132629394531,
      29.159908294677734,
      41.566532135009766,
      -45.18745803833008,
      35.10933303833008,
      0.33718132972717285,
      9.188788414001465,
      -6.277150630950928,
      19.17112922668457,
      -10.404901504516602,
      14.328741073608398,
      0.31813931465148926
    ],
    "mfcc_delta": [
      -10.244335174560547,
      1.3195807933807373,
      -0.10412184149026871,
      -0.3682182729244232,
      0.19498147070407867,
      -0.22477996349334717,
      -0.08589496463537216,
      -0.11265377700328827,
      0.13481950759887695,
      -0.18870455026626587,
      0.006453725975006819,
      -0.13497084379196167,
      0.06886813789606094
    ],
    "mfcc_onset": [
      -407.48144414743905,
      -117.78864487838808,
      27.45385640042647,
      44.24351365222347,
      -42.81963955736956,
      39.809554384340316,
      -0.10325745121863392,
      11.579330598986228,
      -6.332509588920019,
      23.757839768303736,
      -9.189732389671569,
      16.592578872376382,
      -0.12070122756620803
    ]
  },
  "level": {
    "peak": 0.4226226806640625,
    "rms": 0.01730981977072851
  },
  "band_energy": {
    "energy_fractions": [
      0.0005130910062217934,
      0.000158901673667702,
      0.028666828821332667,
      0.9696869186783076
    ],
    "decay_rates": [
      0.5583053241904673,
      0.5583053241904673,
      0.5343184939733435,
      0.46711257645433807
    ]
  }
}