{
  "analysis_version": "10",
  "audio_md5": "c181086cf7525962793466282b59bd9c",
  "sample_rate": 44100,
  "bit_depth": 16,
  "channels": 2,
  "duration": 0.6568027210884354,
  "captured_at": null,
  "params": {
    "n_fft": 2048,
    "hop_length": 512,
    "sample_rate": 44100
  },
  "spectral": {
    "spectral_flatness": 0.3312833947298429,
    "attack": 0.0,
    "release": 0.6380505658636294,
    "spectral_centroid": 0.8124143832886269,
    "spectral_bandwidth": 0.7451508724228568,
    "zcr": 0.3186506304824561,
    "harmonic_ratio": 0.4539185896038573,
    "spectral_contrast": 0.49775266593415896,
    "voiced_fraction": 1.0,
    "log_attack_time": 0.0,
    "spectral_flux": 0.13077908531349322
  },
  "rhythm": {
    "tempo_bpm": 120.18531976744185,
    "beat_times": [
      0.034829931972789115
    ],
    "pulse_curve": [
      1.0,
      0.9882645606994629,
      0.9656191468238831,
      0.9330179691314697,
      0.8913835287094116,
      0.8416275978088379,
      0.7846763730049133,
      0.7214882373809814,
      0.6530720591545105,
      0.5805007219314575,
      0.5049183964729309,
      0.42754441499710083,
      0.34966805577278137,
      0.27263396978378296,
      0.19781877100467682,
      0.1265965849161148,
      0.06029463931918144,
      0.00014144685701467097,
      0.0,
      0.0,
      0.0,
      0.0,
      0.0,
      0.0,
      0.0,
      0.0,
      0.0,
      0.0,
      0.0,
      0.0,
      0.0,
      0.0,
      0.0,
      0.0,
      0.0,
      0.0,
      0.0,
      0.0,
      0.0,
      0.0,
      0.0,
      0.0,
      0.0,
      0.0,
      0.0,
      0.0,
      0.0,
      0.0,
      0.0,
      0.0,
      0.0,
      0.0,
      0.0,
      0.0,
      0.0,
      1.1428345316439495e-22,
      1.909898642073853e-22
    ],
    "pulse_peak_times": [],
    "onset_times": [
      0.034829931972789115
    ],
    "attack_times": [
      0.003038548752834467
    ],
    "onset_count": 1
  },
  "pitch": {
    "dominant_pitch_hz": 1540.3414543780266,
    "pitch_confidence": 0.26240097393492007,
    "chroma_profile": [
      0.048833560198545456,
      0.07541780918836594,
      0.07882855087518692,
      0.06317183375358582,
      0.11262869089841843,
      0.3743774890899658,
      0.784183144569397,
      0.8842241764068604,
      0.19507858157157898,
      0.03905221447348595,
      0.030332759022712708,
      0.038951802998781204
    ],
    "dominant_pitch_class": 7,
    "pitch_stability": 0.13807363066632014,
    "voiced_frame_count": 57
  },
  "timbre": {
    "mfcc": [
      -614.397216796875,
      -36.452571868896484,
      -45.41474914550781,
      40.887794494628906,
      5.579678535461426,
      15.286022186279297,
      -40.82926559448242,
      13.67444133758545,
      25.460906982421875,
      -4.7203593254089355,
      -23.49933624267578,
      8.789761543273926,
      29.349225997924805
    ],
    "mfcc_delta": [
      -6.186047554016113,
      0.845953106880188,
      1.3000648021697998,
      -1.1999711990356445,
      0.5289415121078491,
      -0.7075018882751465,
      1.0511261224746704,
      -0.49976712465286255,
      -0.13591183722019196,
      -0.22105470299720764,
      0.43478524684906006,
      -0.026712117716670036,
      -0.246401846408844
    ],
    "mfcc_onset": [
      -394.1355638731734,
      -57.98580763391088,
      -86.40451981963923,
      78.08104543579725,
      -12.19509654129779,
      37.95505099917966,
      -71.84036483892206,
      29.69745861670769,
      20.049942014491428,
      6.84093056732148,
      -34.78482970965447,
      11.342803416167836,
      30.66263290999518
    ]
  },
  "level": {
    "peak": 0.251220703125,
    "rms": 0.0342271854672352
  },
  "band_energy": {
    "energy_fractions": [
      5.237679435232333e-06,
      2.549536533724802e-05,
      0.934297126495021,
      0.06566273462539333
    ],
    "decay_rates": [
      0.687346481899366,
      0.6494980719265965,
      0.6494980719265965,
      0.6380505658636294
    ]
  }
}