{
  "analysis_version": "10",
  "audio_md5": "940235cde1e01a7f2d70c6b3d3d505d2",
  "sample_rate": 44100,
  "bit_depth": 16,
  "channels": 2,
  "duration": 0.6015419501133786,
  "captured_at": null,
  "params": {
    "n_fft": 2048,
    "hop_length": 512,
    "sample_rate": 44100
  },
  "spectral": {
    "spectral_flatness": 0.29060954272415884,
    "attack": 0.0,
    "release": 0.5961537341632369,
    "spectral_centroid": 0.7127381478704256,
    "spectral_bandwidth": 0.7148212534149436,
    "zcr": 0.13087815504807693,
    "harmonic_ratio": 0.37685840218423855,
    "spectral_contrast": 0.4276121825710537,
    "voiced_fraction": 1.0,
    "log_attack_time": 0.0,
    "spectral_flux": 0.0
  },
  "rhythm": {
    "tempo_bpm": 120.18531976744185,
    "beat_times": [
      0.10448979591836735
    ],
    "pulse_curve": [
      0.2504841089248657,
      0.3603063225746155,
      0.4628675580024719,
      0.5581017732620239,
      0.6457829475402832,
      0.7255231738090515,
      0.7967426180839539,
      0.8587062358856201,
      0.9105771780014038,
      0.9514719843864441,
      0.9805171489715576,
      0.9969120621681213,
      1.0,
      0.9893409013748169,
      0.9647863507270813,
      0.926546037197113,
      0.8752442598342896,
      0.8119516968727112,
      0.738187849521637,
      0.655886709690094,
      0.5673263669013977,
      0.4750228226184845,
      0.3815981447696686,
      0.28963688015937805,
      0.20154263079166412,
      0.11941195279359818,
      0.044935863465070724,
      0.0,
      0.0,
      0.0,
      0.0,
      0.0,
      0.0,
      0.0,
      0.0,
      0.0,
      0.0,
      0.0,
      0.0,
      0.0,
      0.0,
      0.0,
      0.0,
      0.0,
      0.0,
      0.0,
      0.0,
      0.0,
      0.0,
      0.0,
      0.0,
      0.0
    ],
    "pulse_peak_times": [
      0.13931972789115646
    ],
    "onset_times": [
      0.034829931972789115,
      0.08126984126984127,
      0.19736961451247165,
      0.26702947845804986,
      0.301859410430839,
      0.3831292517006803,
      0.4295691609977324,
      0.5224489795918368
    ],
    "attack_times": [
      0.003492063492063492,
      0.06054421768707483,
      0.16519274376417234,
      0.25387755102040815,
      0.29043083900226757,
      0.36446712018140587,
      0.4168480725623583,
      0.4872789115646258
    ],
    "onset_count": 8
  },
  "pitch": {
    "dominant_pitch_hz": 544.592943866726,
    "pitch_confidence": 0.04884596321647349,
    "chroma_profile": [
      0.7172567844390869,
      0.9796895384788513,
      0.5499246716499329,
      0.4850890338420868,
      0.3317132592201233,
      0.28954651951789856,
      0.24665133655071259,
      0.2788577377796173,
      0.19144143164157867,
      0.19471031427383423,
      0.199401393532753,
      0.5206015110015869
    ],
    "dominant_pitch_class": 1,
    "pitch_stability": 0.8243789127069987,
    "voiced_frame_count": 52
  },
  "timbre": {
    "mfcc": [
      -524.4154052734375,
      64.755126953125,
      -48.86116027832031,
      -5.1495561599731445,
      2.864593029022217,
      -17.073768615722656,
      -20.08646011352539,
      -6.72730827331543,
      -9.356785774230957,
      -22.64295196533203,
      -20.02220916748047,
      -7.066036701202393,
      11.843271255493164
    ],
    "mfcc_delta": [
      -8.865562438964844,
      -2.153341054916382,
      1.9170953035354614,
      -0.21125394105911255,
      0.3854842483997345,
      0.09510953724384308,
      0.35426077246665955,
      -0.04094253107905388,
      0.16909204423427582,
      0.19989202916622162,
      0.15294918417930603,
      0.15345075726509094,
      -0.14351803064346313
    ],
    "mfcc_onset": [
      -295.205757024972,
      113.58076479636685,
      -92.56262694394661,
      10.00038541219957,
      -11.012267236139305,
      -14.354690779081283,
      -26.953351358226815,
      -7.413519096804347,
      -12.498203788972933,
      -25.909528295609082,
      -20.844748639346907,
      -9.322912459964039,
      14.3365548246688
    ]
  },
  "level": {
    "peak": 0.4168853759765625,
    "rms": 0.026047399987729404
  },
  "band_energy": {
    "energy_fractions": [
      0.00098820889253807,
      0.744704575937175,
      0.25055687768169027,
      0.003694002406597789
    ],
    "decay_rates": [
      0.46711257645433807,
      0.46711257645433807,
      0.4137682386909784,
      0.4137682386909784
    ]
  }
}