{
  "analysis_version": "11",
  "audio_md5": "58abe84341d648e5f7bfc6163b637550",
  "sample_rate": 44100,
  "bit_depth": 16,
  "channels": 2,
  "duration": 1.1693197278911565,
  "captured_at": null,
  "params": {
    "n_fft": 2048,
    "hop_length": 512,
    "sample_rate": 44100
  },
  "spectral": {
    "spectral_flatness": 0.0855230462395297,
    "attack": 0.5049609864271075,
    "release": 0.7350915352823076,
    "spectral_centroid": 0.6047176470863705,
    "spectral_bandwidth": 0.6795912851322138,
    "zcr": 0.056360225866336634,
    "harmonic_ratio": 0.9606095568918169,
    "spectral_contrast": 0.48544855466287623,
    "voiced_fraction": 1.0,
    "log_attack_time": 0.0,
    "spectral_flux": 0.044402963705599194
  },
  "rhythm": {
    "tempo_bpm": 120.18531976744185,
    "beat_times": [
      0.034829931972789115
    ],
    "pulse_curve": [
      1.0,
      0.9922244548797607,
      0.9810357093811035,
      0.9666147828102112,
      0.9491376876831055,
      0.9287735223770142,
      0.9056898355484009,
      0.8800504803657532,
      0.8520188331604004,
      0.821759045124054,
      0.7894360423088074,
      0.755217969417572,
      0.7192752361297607,
      0.6817834377288818,
      0.6429231762886047,
      0.6028801202774048,
      0.5618464350700378,
      0.520020067691803,
      0.47760599851608276,
      0.434814989566803,
      0.3918635845184326,
      0.3489735722541809,
      0.30637091398239136,
      0.26428455114364624,
      0.22294467687606812,
      0.18258117139339447,
      0.14342118799686432,
      0.10568687319755554,
      0.06959263980388641,
      0.035342466086149216,
      0.003126672236248851,
      0.0,
      0.0,
      0.0,
      0.0,
      0.0,
      0.0,
      0.0,
      0.0,
      0.0,
      0.0,
      0.0,
      0.0,
      0.0,
      0.0,
      0.0,
      0.0,
      0.0,
      0.0,
      0.0,
      0.0,
      0.0,
      0.0,
      0.0,
      0.0,
      0.0,
      0.0,
      0.0,
      0.0,
      0.0,
      0.0,
      0.0,
      0.0,
      0.0,
      0.0,
      0.0,
      0.0,
      0.0,
      0.0,
      0.0,
      0.0,
      0.0,
      0.0,
      0.0,
      0.0,
      0.0,
      0.0,
      0.0,
      0.0,
      0.0,
      0.0,
      0.0,
      0.0,
      0.0,
      1.45052019828567e-22,
      3.5648169923056116e-22,
      4.308922852256432e-22,
      3.774735782193054e-22,
      2.18894916272703e-22,
      0.0,
      0.0,
      0.0,
      0.0,
      0.0,
      0.0,
      0.0,
      0.0,
      0.0,
      0.0,
      0.0,
      0.0
    ],
    "pulse_peak_times": [
      0.9984580498866213
    ],
    "onset_times": [
      0.034829931972789115,
      0.09287981859410431,
      0.19736961451247165,
      0.5224489795918368,
      0.615328798185941,
      0.6617687074829932,
      0.9287981859410431
    ],
    "attack_times": [
      0.004671201814058957,
      0.0664625850340136,
      0.16337868480725623,
      0.5054875283446713,
      0.58,
      0.6561451247165533,
      0.8837414965986394
    ],
    "onset_count": 7
  },
  "pitch": {
    "dominant_pitch_hz": 611.2849112674766,
    "pitch_confidence": 0.721205072346228,
    "chroma_profile": [
      0.19673465192317963,
      0.30521392822265625,
      0.7039913535118103,
      0.9069499969482422,
      0.041446585208177567,
      0.03300139307975769,
      0.047289542853832245,
      0.06054649129509926,
      0.0755331888794899,
      0.06541113555431366,
      0.2000606209039688,
      0.24995450675487518
    ],
    "dominant_pitch_class": 3,
    "pitch_stability": 0.6085638550634095,
    "voiced_frame_count": 101
  },
  "timbre": {
    "mfcc": [
      -507.8813781738281,
      72.3490982055664,
      8.723904609680176,
      -16.998157501220703,
      -21.311382293701172,
      -23.395387649536133,
      -22.015750885009766,
      -19.045286178588867,
      -17.352659225463867,
      -17.93935203552246,
      -16.993976593017578,
      -10.565250396728516,
      0.9503050446510315
    ],
    "mfcc_delta": [
      -2.1626245975494385,
      -1.5707095861434937,
      0.3188360929489136,
      0.46767953038215637,
      0.3704993426799774,
      0.49176812171936035,
      0.34961310029029846,
      0.2455357015132904,
      0.1715073585510254,
      0.16277864575386047,
      0.313618004322052,
      0.3535574674606323,
      0.28752782940864563
    ],
    "mfcc_onset": [
      -358.93568800939767,
      171.47454847548678,
      -18.25468678586618,
      -33.4672301922306,
      -27.266509085023678,
      -42.21782213510222,
      -33.38402365583082,
      -26.210051394784063,
      -21.98488124818871,
      -20.19771356956455,
      -22.99665946329058,
      -19.525237608014464,
      -10.195553195978
    ]
  },
  "level": {
    "peak": 0.3508453369140625,
    "rms": 0.04649727100594725
  },
  "band_energy": {
    "energy_fractions": [
      9.011111760368366e-05,
      0.99903085142727,
      0.0008561645984014752,
      6.148522151187896e-06
    ],
    "decay_rates": [
      0.578585900167829,
      0.6953224587177934,
      0.7028424096899563,
      0.6380505658636294
    ]
  }
}