{
  "analysis_version": "11",
  "audio_md5": "5c95beb0dd2f774a03e03cd9f652847b",
  "sample_rate": 44100,
  "bit_depth": 16,
  "channels": 2,
  "duration": 0.5049433106575963,
  "captured_at": null,
  "params": {
    "n_fft": 2048,
    "hop_length": 512,
    "sample_rate": 44100
  },
  "spectral": {
    "spectral_flatness": 0.23264986147662836,
    "attack": 0.0,
    "release": 0.611649661953827,
    "spectral_centroid": 0.9044809343637737,
    "spectral_bandwidth": 0.7655842973340417,
    "zcr": 0.9856400923295454,
    "harmonic_ratio": 0.688749934069533,
    "spectral_contrast": 0.5420052270176114,
    "voiced_fraction": 1.0,
    "log_attack_time": 0.0,
    "spectral_flux": 0.0
  },
  "rhythm": {
    "tempo_bpm": 120.18531976744185,
    "beat_times": [
      0.19736961451247165
    ],
    "pulse_curve": [
      0.0,
      0.0,
      0.0,
      0.0,
      0.0,
      0.0,
      0.0,
      0.0,
      0.0,
      0.0,
      0.028805818408727646,
      0.21182793378829956,
      0.4035201370716095,
      0.5899552702903748,
      0.7560790181159973,
      0.8873245120048523,
      0.9714061617851257,
      1.0,
      0.9700097441673279,
      0.8841401934623718,
      0.7506542801856995,
      0.5823302865028381,
      0.3948131501674652,
      0.20465216040611267,
      0.027350235730409622,
      0.0,
      0.0,
      0.0,
      0.0,
      0.0,
      0.0,
      0.0,
      0.0,
      0.0,
      0.0,
      0.0,
      0.0,
      0.0,
      0.0,
      0.0,
      0.0,
      0.0,
      0.0,
      0.0
    ],
    "pulse_peak_times": [
      0.19736961451247165
    ],
    "onset_times": [
      0.10448979591836735,
      0.18575963718820862,
      0.3947392290249433
    ],
    "attack_times": [
      0.08519274376417234,
      0.17219954648526076,
      0.36238095238095236
    ],
    "onset_count": 3
  },
  "pitch": {
    "dominant_pitch_hz": 702.1819720074587,
    "pitch_confidence": 0.3190001427952894,
    "chroma_profile": [
      0.5152640342712402,
      1.0,
      0.31810224056243896,
      0.3352976441383362,
      0.13722893595695496,
      0.12504109740257263,
      0.13010430335998535,
      0.1239156424999237,
      0.10822014510631561,
      0.17033825814723969,
      0.20478814840316772,
      0.31747379899024963
    ],
    "dominant_pitch_class": 1,
    "pitch_stability": 0.4763139720814449,
    "voiced_frame_count": 44
  },
  "timbre": {
    "mfcc": [
      -675.2881469726562,
      -75.5981674194336,
      -3.9688658714294434,
      0.35775935649871826,
      -13.189013481140137,
      19.544397354125977,
      -2.0712106227874756,
      16.90673065185547,
      -17.977832794189453,
      24.746370315551758,
      4.003890037536621,
      -11.852985382080078,
      -15.162052154541016
    ],
    "mfcc_delta": [
      -10.663077354431152,
      2.105224370956421,
      0.6104736328125,
      0.40689146518707275,
      0.6279333233833313,
      -0.08358611911535263,
      0.06757906079292297,
      -0.1169327050447464,
      0.21524357795715332,
      -0.3568044900894165,
      0.09036394953727722,
      0.16885380446910858,
      0.6192439198493958
    ],
    "mfcc_onset": [
      -446.67251999654496,
      -112.5042434110311,
      -17.382545369078464,
      -8.744514595683007,
      -25.2897587459404,
      22.83211865284088,
      -4.56109487182546,
      18.852339918211424,
      -20.185089925417543,
      32.439999520673666,
      4.09130279888031,
      -13.977274925550637,
      -20.7218104852398
    ]
  },
  "level": {
    "peak": 0.3294677734375,
    "rms": 0.019700866986913066
  },
  "band_energy": {
    "energy_fractions": [
      2.4113064201656645e-06,
      0.0003696089774737424,
      0.01877765657018731,
      0.980767047102384
    ],
    "decay_rates": [
      0.6788555794728324,
      0.6600287566840429,
      0.6788555794728324,
      0.5961537341632369
    ]
  }
}