{
  "analysis_version": "11",
  "audio_md5": "cf0a1ba59b87e7a342983ee192711437",
  "sample_rate": 44100,
  "bit_depth": 16,
  "channels": 2,
  "duration": 1.4396371882086167,
  "captured_at": null,
  "params": {
    "n_fft": 2048,
    "hop_length": 512,
    "sample_rate": 44100
  },
  "spectral": {
    "spectral_flatness": 0.0,
    "attack": 0.0,
    "release": 0.7700483272089617,
    "spectral_centroid": 0.8049279403277136,
    "spectral_bandwidth": 0.7343057808172194,
    "zcr": 0.5015546875,
    "harmonic_ratio": 0.8974878286410704,
    "spectral_contrast": 0.6256643701822049,
    "voiced_fraction": 0.968,
    "log_attack_time": 0.0,
    "spectral_flux": 0.0
  },
  "rhythm": {
    "tempo_bpm": 120.18531976744185,
    "beat_times": [
      0.034829931972789115
    ],
    "pulse_curve": [
      0.806606113910675,
      0.9174289703369141,
      0.9835290908813477,
      1.0,
      0.9660184979438782,
      0.884904682636261,
      0.7637742161750793,
      0.6128299832344055,
      0.444365918636322,
      0.27158910036087036,
      0.10737890005111694,
      0.0,
      0.0,
      0.0,
      0.0,
      0.0,
      0.0,
      0.0,
      0.0,
      0.0,
      0.0,
      0.01557045429944992,
      0.0497886948287487,
      0.06494903564453125,
      0.06089192256331444,
      0.03991125151515007,
      0.006280294619500637,
      0.0,
      0.0,
      0.0,
      0.0,
      0.0,
      0.0,
      0.0,
      0.0,
      0.0,
      0.0,
      0.0,
      0.0,
      0.01293556671589613,
      0.017864668741822243,
      0.012139618396759033,
      0.0,
      0.0,
      0.0,
      0.0,
      0.0,
      0.0,
      0.0,
      0.0,
      0.0,
      0.0,
      0.0,
      0.0,
      0.0,
      0.0,
      0.00502354372292757,
      0.004877467639744282,
      0.0,
      0.0,
      0.0,
      0.0,
      0.0,
      0.0,
      0.0,
      0.0,
      0.0,
      0.0,
      0.0,
      0.0,
      0.0,
      0.0,
      0.0,
      0.0020839059725403786,
      0.0021458505652844906,
      0.0,
      0.0,
      0.0,
      0.0,
      0.0,
      0.0,
      0.0,
      0.0,
      0.0,
      0.0,
      0.0,
      0.0,
      0.0,
      0.00035060435766354203,
      0.002699289470911026,
      0.003137047868221998,
      0.0018638119800016284,
      0.0,
      0.0,
      0.0,
      0.0,
      0.0,
      0.0,
      0.0,
      0.0,
      0.0,
      0.0,
      0.0,
      0.0,
      0.0008455991046503186,
      0.002121227327734232,
      0.002651530783623457,
      0.00251205638051033,
      0.0018645537784323096,
      0.0009202231303788722,
      0.0,
      0.0,
      0.0,
      0.0,
      0.0,
      0.0,
      0.0,
      0.0,
      0.0,
      0.0,
      8.443956903647631e-05,
      0.00014948827447369695,
      0.00013470914564095438,
      8.460311801172793e-05,
      3.3829008316388354e-05
    ],
    "pulse_peak_times": [
      0.034829931972789115,
      0.26702947845804986,
      0.46439909297052157,
      0.6501587301587302,
      0.8591383219954648,
      1.0448979591836736,
      1.230657596371882,
      1.4048072562358276
    ],
    "onset_times": [
      0.08126984126984127,
      0.18575963718820862,
      0.29024943310657597,
      0.3831292517006803,
      0.4527891156462585,
      0.5456689342403628,
      0.6617687074829932,
      0.7082086167800453,
      0.7430385487528345,
      0.7778684807256235,
      0.8475283446712019,
      0.893968253968254,
      1.1377777777777778,
      1.172607709750567
    ],
    "attack_times": [
      0.06310657596371883,
      0.15922902494331065,
      0.2733333333333333,
      0.3696598639455782,
      0.4400907029478458,
      0.5065986394557823,
      0.6486621315192744,
      0.7017233560090703,
      0.7424943310657597,
      0.7757369614512472,
      0.8362358276643991,
      0.8818820861678005,
      1.1053061224489795,
      1.1668480725623582
    ],
    "onset_count": 14
  },
  "pitch": {
    "dominant_pitch_hz": 432.24370599424964,
    "pitch_confidence": 0.23861659232351945,
    "chroma_profile": [
      0.45234039425849915,
      0.9760869741439819,
      0.4181421101093292,
      0.4168902337551117,
      0.04424720257520676,
      0.047053586691617966,
      0.08842074126005173,
      0.07009374350309372,
      0.039892178028821945,
      0.06823217868804932,
      0.2780129909515381,
      0.7420969009399414
    ],
    "dominant_pitch_class": 1,
    "pitch_stability": 3.3998670106616062,
    "voiced_frame_count": 121
  },
  "timbre": {
    "mfcc": [
      -674.4817504882812,
      -28.6595401763916,
      -39.42212677001953,
      25.485342025756836,
      -5.397704601287842,
      5.4333086013793945,
      30.62445068359375,
      24.670337677001953,
      -22.26736831665039,
      31.203672409057617,
      24.154861450195312,
      -34.34885025024414,
      -19.732704162597656
    ],
    "mfcc_delta": [
      -3.4802122116088867,
      1.0530571937561035,
      -0.17112362384796143,
      0.05355487018823624,
      0.3418827950954437,
      -0.07244497537612915,
      0.13423334062099457,
      -0.09853406250476837,
      0.15897543728351593,
      -0.11601268500089645,
      0.09567167609930038,
      -0.04573566094040871,
      0.059152983129024506
    ],
    "mfcc_onset": [
      -400.45228684895926,
      -111.67687520180884,
      -19.6710079589824,
      -7.409726358705929,
      -24.15827465255077,
      23.792863174716494,
      -3.1093112122934436,
      20.34086242453458,
      -21.541473069469646,
      33.22186078318144,
      6.409766588259744,
      -15.802609543057807,
      -19.86449908246799
    ]
  },
  "level": {
    "peak": 0.3294677734375,
    "rms": 0.01828357515960339
  },
  "band_energy": {
    "energy_fractions": [
      1.3598889727601753e-05,
      0.0023237490497429536,
      0.08156224215264997,
      0.9159937247210251
    ],
    "decay_rates": [
      0.8521641433762166,
      0.9271247368626072,
      0.9039328536255459,
      0.7231229856673178
    ]
  }
}