{
  "analysis_version": "11",
  "audio_md5": "e62fe44b23e2c7e891c184d69a88bd72",
  "sample_rate": 44100,
  "bit_depth": 16,
  "channels": 2,
  "duration": 0.38603174603174606,
  "captured_at": null,
  "params": {
    "n_fft": 2048,
    "hop_length": 512,
    "sample_rate": 44100
  },
  "spectral": {
    "spectral_flatness": 0.2355322934134993,
    "attack": 0.0,
    "release": 0.611649661953827,
    "spectral_centroid": 0.6092627247071107,
    "spectral_bandwidth": 0.6989660620865111,
    "zcr": 0.01663028492647059,
    "harmonic_ratio": 0.327368403770426,
    "spectral_contrast": 0.3534122927172743,
    "voiced_fraction": 0.3235294117647059,
    "log_attack_time": 0.0,
    "spectral_flux": 0.00994276097896896
  },
  "rhythm": {
    "tempo_bpm": 120.18531976744185,
    "beat_times": [
      0.034829931972789115
    ],
    "pulse_curve": [
      0.972461462020874,
      1.0,
      0.9907620549201965,
      0.9487769603729248,
      0.8780348896980286,
      0.7828186750411987,
      0.6679951548576355,
      0.5392352938652039,
      0.40310272574424744,
      0.2669373154640198,
      0.13847383856773376,
      0.02517610415816307,
      0.0,
      0.0,
      0.0,
      0.0,
      0.0,
      0.0,
      0.0,
      0.0,
      0.0,
      0.0,
      0.0,
      0.0,
      0.0,
      0.0,
      0.0,
      0.0,
      3.7697592689496854e-22,
      1.312045574467091e-21,
      1.5275501558957714e-21,
      1.2893457674423326e-21,
      8.451487182723001e-22,
      4.020912386332882e-22
    ],
    "pulse_peak_times": [
      0.011609977324263039,
      0.34829931972789113
    ],
    "onset_times": [
      0.034829931972789115,
      0.13931972789115646,
      0.18575963718820862,
      0.2786394557823129
    ],
    "attack_times": [
      0.0037868480725623582,
      0.0946485260770975,
      0.1763718820861678,
      0.26639455782312926
    ],
    "onset_count": 4
  },
  "pitch": {
    "dominant_pitch_hz": 65.0,
    "pitch_confidence": 0.009999999999999998,
    "chroma_profile": [
      0.5339751243591309,
      0.504915714263916,
      0.6433236598968506,
      0.8004549145698547,
      0.7594952583312988,
      0.6474206447601318,
      0.7025787830352783,
      0.9230103492736816,
      0.9317916035652161,
      0.8079507350921631,
      0.6824519634246826,
      0.5865925550460815
    ],
    "dominant_pitch_class": 8,
    "pitch_stability": 7.105427357601002e-15,
    "voiced_frame_count": 11
  },
  "timbre": {
    "mfcc": [
      -540.320068359375,
      81.07955169677734,
      5.177597999572754,
      33.146461486816406,
      33.539764404296875,
      19.665462493896484,
      18.366657257080078,
      14.882637977600098,
      14.624565124511719,
      14.052427291870117,
      12.391136169433594,
      11.30280876159668,
      10.186999320983887
    ],
    "mfcc_delta": [
      -12.112038612365723,
      -4.919064521789551,
      2.597633123397827,
      -2.405851364135742,
      -0.7890895009040833,
      -0.34817036986351013,
      -0.44015824794769287,
      0.31771019101142883,
      -0.1169443279504776,
      0.045558054000139236,
      -0.07980640977621078,
      -0.032928403466939926,
      0.04400423541665077
    ],
    "mfcc_onset": [
      -355.1323440023103,
      151.02383057436703,
      -43.234437910189115,
      63.912375434054034,
      39.82044187158085,
      20.67869159837053,
      23.87229353357123,
      8.246338689878277,
      14.147466263218224,
      12.908251806758205,
      12.507659293196134,
      11.507051678493353,
      10.936784281146632
    ]
  },
  "level": {
    "peak": 0.26763916015625,
    "rms": 0.04021582912509458
  },
  "band_energy": {
    "energy_fractions": [
      0.9779874446181167,
      0.007816060795805293,
      0.011926219929941664,
      0.0006044443213129834
    ],
    "decay_rates": [
      0.6255112417094728,
      0.5583053241904673,
      0.5049609864271075,
      0.46711257645433807
    ]
  }
}