{
  "analysis_version": "11",
  "audio_md5": "2fecd389bd64d7c143b26e4b4715014a",
  "sample_rate": 44100,
  "bit_depth": 16,
  "channels": 2,
  "duration": 0.6583219954648526,
  "captured_at": null,
  "params": {
    "n_fft": 2048,
    "hop_length": 512,
    "sample_rate": 44100
  },
  "spectral": {
    "spectral_flatness": 0.5045034557055031,
    "attack": 0.0,
    "release": 0.6255112417094728,
    "spectral_centroid": 0.7962214884448378,
    "spectral_bandwidth": 0.7907242054799059,
    "zcr": 0.2925404331140351,
    "harmonic_ratio": 0.03271686150353551,
    "spectral_contrast": 0.3266418255263685,
    "voiced_fraction": 0.0,
    "log_attack_time": 0.0,
    "spectral_flux": 0.22591044926031473
  },
  "rhythm": {
    "tempo_bpm": 303.99816176470586,
    "beat_times": [
      0.034829931972789115
    ],
    "pulse_curve": [
      1.0,
      0.9928873777389526,
      0.9744530320167542,
      0.9456393122673035,
      0.9073553085327148,
      0.8605027198791504,
      0.8059968948364258,
      0.744788646697998,
      0.6778804063796997,
      0.6063428521156311,
      0.5313219428062439,
      0.4540450870990753,
      0.3758152425289154,
      0.29799968004226685,
      0.22200556099414825,
      0.14924706518650055,
      0.0811009481549263,
      0.01885395497083664,
      0.0,
      0.0,
      0.0,
      0.0,
      0.0,
      0.0,
      0.0,
      0.0,
      0.0,
      0.0,
      0.0,
      0.0,
      0.0,
      0.0,
      0.0,
      0.0,
      0.0,
      0.0,
      0.0,
      0.0,
      0.0,
      0.0,
      0.0,
      0.0,
      0.0,
      0.0,
      0.0,
      0.0,
      0.0,
      0.0,
      0.0,
      0.0,
      0.0,
      0.0,
      0.0,
      0.0,
      0.0,
      0.0,
      4.2267856450628614e-22
    ],
    "pulse_peak_times": [],
    "onset_times": [
      0.034829931972789115,
      0.19736961451247165,
      0.301859410430839
    ],
    "attack_times": [
      0.003582766439909297,
      0.16444444444444445,
      0.27365079365079364
    ],
    "onset_count": 3
  },
  "pitch": {
    "dominant_pitch_hz": 0.0,
    "pitch_confidence": 0.0,
    "chroma_profile": [
      0.8543272614479065,
      0.7415056228637695,
      0.7438094615936279,
      0.6574214696884155,
      0.6778738498687744,
      0.7214303016662598,
      0.7171546816825867,
      0.7246907949447632,
      0.7875235676765442,
      0.867013692855835,
      0.71915602684021,
      0.5912582278251648
    ],
    "dominant_pitch_class": 9,
    "pitch_stability": 0.0,
    "voiced_frame_count": 0
  },
  "timbre": {
    "mfcc": [
      -424.50830078125,
      73.57095336914062,
      -44.709999084472656,
      -13.415268898010254,
      -19.586734771728516,
      -1.4926565885543823,
      -6.965885162353516,
      -0.14063353836536407,
      -9.277202606201172,
      4.350927352905273,
      -6.520214080810547,
      3.07608962059021,
      -4.809955596923828
    ],
    "mfcc_delta": [
      -11.475711822509766,
      -0.0606360025703907,
      0.3903936743736267,
      -0.18698139488697052,
      0.1986173689365387,
      -0.22894734144210815,
      -0.048476289957761765,
      -0.22874815762043,
      0.03370701149106026,
      -0.17002332210540771,
      0.028833134099841118,
      -0.035199880599975586,
      0.27125465869903564
    ],
    "mfcc_onset": [
      -114.46632816598998,
      73.08487214432904,
      -52.46996968897683,
      -12.27024107239668,
      -23.83168396151579,
      2.8126771884499973,
      -7.166354380040748,
      2.122526738989723,
      -12.583361257445477,
      4.775565970754941,
      -8.601613397840536,
      3.8221617414628812,
      -9.283776233634725
    ]
  },
  "level": {
    "peak": 0.4449310302734375,
    "rms": 0.030706771873914546
  },
  "band_energy": {
    "energy_fractions": [
      0.006041377790874604,
      0.6072039610530052,
      0.30500364777060124,
      0.08081997010743582
    ],
    "decay_rates": [
      0.6494980719265965,
      0.6380505658636294,
      0.6255112417094728,
      0.578585900167829
    ]
  }
}