{
  "analysis_version": "12",
  "audio_md5": "e66d21fc230104f7aca51db83cb629c8",
  "sample_rate": 44100,
  "bit_depth": 16,
  "channels": 1,
  "duration": 0.4559637188208617,
  "captured_at": null,
  "params": {
    "n_fft": 2048,
    "hop_length": 512,
    "sample_rate": 44100
  },
  "spectral": {
    "spectral_flatness": 0.7482204388544657,
    "attack": 0.0,
    "release": 0.611649661953827,
    "spectral_centroid": 0.8974598514254187,
    "spectral_bandwidth": 0.8072207684039581,
    "zcr": 0.948291015625,
    "harmonic_ratio": 0.07249960552623783,
    "spectral_contrast": 0.36239877549606947,
    "voiced_fraction": 0.0,
    "log_attack_time": 0.0,
    "spectral_flux": 0.07740124883021689,
    "spectral_rolloff": 0.9640052472625379,
    "spectral_slope": 0.7001554312242239
  },
  "rhythm": {
    "tempo_bpm": 120.18531976744185,
    "beat_times": [
      0.034829931972789115
    ],
    "pulse_curve": [
      0.6679819822311401,
      0.8310287594795227,
      0.9460715651512146,
      1.0,
      0.9856348633766174,
      0.9024505019187927,
      0.7567707896232605,
      0.5613669753074646,
      0.3343859612941742,
      0.0975872278213501,
      0.0,
      0.0,
      0.0,
      0.0,
      0.0,
      0.0,
      0.0,
      0.0,
      0.0,
      0.0,
      0.0,
      0.01250380463898182,
      0.02959015592932701,
      0.02690962329506874,
      0.01356486976146698,
      0.0,
      0.0,
      0.0,
      0.0,
      0.0,
      0.0,
      0.0,
      0.0,
      0.0,
      0.0,
      0.0,
      5.632280061015668e-22,
      1.030688045873813e-21,
      8.824597438746897e-22,
      4.784818781222494e-22
    ],
    "pulse_peak_times": [
      0.034829931972789115,
      0.25541950113378686,
      0.4295691609977324
    ],
    "onset_times": [
      0.034829931972789115,
      0.19736961451247165,
      0.29024943310657597
    ],
    "attack_times": [
      0.0018140589569160999,
      0.18351473922902495,
      0.2574829931972789
    ],
    "onset_count": 3
  },
  "pitch": {
    "dominant_pitch_hz": 0.0,
    "pitch_confidence": 0.0,
    "chroma_profile": [
      0.9055584073066711,
      0.665225625038147,
      0.7936888933181763,
      0.688087522983551,
      0.5747873783111572,
      0.62633216381073,
      0.8511332273483276,
      0.84553062915802,
      0.8479489088058472,
      0.8337550163269043,
      0.7084745168685913,
      0.8043333888053894
    ],
    "dominant_pitch_class": 0,
    "pitch_stability": 0.0,
    "voiced_frame_count": 0
  },
  "timbre": {
    "mfcc": [
      -515.9132690429688,
      -22.039569854736328,
      -1.0238498449325562,
      13.36603832244873,
      -3.9116339683532715,
      -3.8595643043518066,
      -5.871134281158447,
      8.039758682250977,
      -15.441320419311523,
      -3.4899635314941406,
      -9.692712783813477,
      -1.6176891326904297,
      -11.103740692138672
    ],
    "mfcc_delta": [
      -13.012829780578613,
      0.11922432482242584,
      0.19055092334747314,
      0.217870831489563,
      -0.015443230047821999,
      0.2756361961364746,
      0.28466886281967163,
      0.23218528926372528,
      0.10068074613809586,
      0.2855444550514221,
      0.26651936769485474,
      0.17357167601585388,
      0.23806409537792206
    ],
    "mfcc_onset": [
      -284.0370020770099,
      -24.29328262731672,
      -5.4742560744936375,
      9.437845325594232,
      -5.066135499882492,
      -6.3710178619957984,
      -9.09042211087357,
      5.214962198166392,
      -16.612723622826937,
      -7.063422900121716,
      -13.671699523250613,
      -4.31923842698732,
      -15.71218033467469
    ]
  },
  "level": {
    "peak": 0.0772552490234375,
    "rms": 0.008330383720393988,
    "crest_factor": 9.273912417060146,
    "crest_factor_db": 19.345259801937363,
    "noise_floor": 0.00019379786681383848
  },
  "band_energy": {
    "energy_fractions": [
      0.007894548190921521,
      0.03779473050559615,
      0.23892510525997426,
      0.7035920138061493
    ],
    "decay_rates": [
      0.611649661953827,
      0.6380505658636294,
      0.6255112417094728,
      0.6380505658636294
    ]
  }
}