{
  "analysis_version": "12",
  "audio_md5": "2f2f22bcb502aee85e94f982247418fc",
  "sample_rate": 44100,
  "bit_depth": 16,
  "channels": 1,
  "duration": 2.054739229024943,
  "captured_at": null,
  "params": {
    "n_fft": 2048,
    "hop_length": 512,
    "sample_rate": 44100
  },
  "spectral": {
    "spectral_flatness": 0.4918679794952641,
    "attack": 0.0,
    "release": 0.9361130437565748,
    "spectral_centroid": 0.8470724971543548,
    "spectral_bandwidth": 0.7890978003900562,
    "zcr": 0.5652696857344632,
    "harmonic_ratio": 0.5561176314496611,
    "spectral_contrast": 0.4713080982796421,
    "voiced_fraction": 0.8870056497175142,
    "log_attack_time": 0.0,
    "spectral_flux": 0.03686697715687594,
    "spectral_rolloff": 0.8914108508446801,
    "spectral_slope": 0.40277180973480764
  },
  "rhythm": {
    "tempo_bpm": 132.51201923076923,
    "beat_times": [
      0.22058956916099773,
      0.6501587301587302,
      1.1029478458049886,
      1.555736961451247
    ],
    "pulse_curve": [
      0.032790858298540115,
      0.39328327775001526,
      0.6971055269241333,
      0.9074789881706238,
      1.0,
      0.9654235243797302,
      0.8105171918869019,
      0.55690997838974,
      0.23812109231948853,
      0.0,
      0.0,
      0.0,
      0.0,
      0.0,
      0.0,
      0.0,
      0.0,
      0.0,
      0.14930960536003113,
      0.43765366077423096,
      0.6640284657478333,
      0.8007646203041077,
      0.8318759202957153,
      0.7548812627792358,
      0.5809088349342346,
      0.3330853283405304,
      0.043447211384773254,
      0.0,
      0.0,
      0.0,
      0.0,
      0.0,
      0.0,
      0.0,
      0.0,
      0.0,
      0.20645570755004883,
      0.43902796506881714,
      0.607729434967041,
      0.6931150555610657,
      0.6867657899856567,
      0.592154324054718,
      0.42397746443748474,
      0.2060716599225998,
      0.0,
      0.0,
      0.0,
      0.0,
      0.0,
      0.0,
      0.0,
      0.0,
      0.0,
      0.22938716411590576,
      0.45295628905296326,
      0.6343608498573303,
      0.7542205452919006,
      0.801569402217865,
      0.7749871015548706,
      0.6824547052383423,
      0.5400023460388184,
      0.3693550229072571,
      0.19491815567016602,
      0.0405183769762516,
      0.0,
      0.0,
      0.0,
      0.0,
      0.03498002886772156,
      0.1769077479839325,
      0.33274850249290466,
      0.4818415343761444,
      0.6050980091094971,
      0.6873853802680969,
      0.7192819714546204,
      0.6979968547821045,
      0.6273767948150635,
      0.5170457363128662,
      0.3808344900608063,
      0.23475049436092377,
      0.09478143602609634,
      0.0,
      0.0,
      0.0,
      0.0,
      0.0,
      0.0,
      0.0,
      0.0,
      0.0,
      0.012440795078873634,
      0.006049955729395151,
      0.0,
      0.0,
      0.0,
      0.0,
      0.0,
      0.0,
      0.0,
      0.0,
      0.0,
      0.0,
      0.0,
      0.0,
      0.0,
      0.0,
      0.0,
      0.0,
      0.0,
      0.0,
      0.0,
      0.0,
      0.0,
      0.0,
      0.0,
      0.0,
      0.0,
      0.0,
      0.0,
      0.0,
      0.0,
      0.0,
      0.0,
      0.0,
      0.0,
      0.0,
      0.0,
      0.0,
      0.0,
      0.0,
      0.027777165174484253,
      0.06595998257398605,
      0.10385851562023163,
      0.14138191938400269,
      0.17828939855098724,
      0.21424545347690582,
      0.2488739788532257,
      0.28180548548698425,
      0.31270936131477356,
      0.3413105309009552,
      0.36739179491996765,
      0.3907893896102905,
      0.41138991713523865,
      0.42913752794265747,
      0.4440258741378784,
      0.45608246326446533,
      0.46535101532936096,
      0.4718777537345886,
      0.47570279240608215,
      0.47685784101486206,
      0.4753708839416504,
      0.47127997875213623,
      0.4646541178226471,
      0.4555855989456177,
      0.4441758096218109,
      0.43053677678108215,
      0.41479045152664185,
      0.397067129611969,
      0.3775045573711395,
      0.3562467396259308,
      0.3334428369998932,
      0.3092457056045532,
      0.283811092376709,
      0.2572961151599884,
      0.22985835373401642,
      0.20165449380874634,
      0.17283929884433746,
      0.1435643881559372,
      0.1139773353934288,
      0.08422031253576279,
      0.054429277777671814,
      0.024732911959290504,
      0.0,
      0.0,
      0.0,
      0.0,
      0.0
    ],
    "pulse_peak_times": [
      0.046439909297052155,
      0.25541950113378686,
      0.4527891156462585,
      0.6617687074829932,
      0.8591383219954648,
      1.0448979591836736,
      1.7298866213151927
    ],
    "onset_times": [
      0.034829931972789115,
      0.10448979591836735,
      0.18575963718820862,
      0.25541950113378686,
      0.29024943310657597,
      0.3947392290249433,
      0.44117913832199546,
      0.5108390022675737,
      0.592108843537415,
      0.6385487528344671,
      0.7082086167800453,
      0.7778684807256235,
      0.8475283446712019,
      0.905578231292517,
      0.9752380952380952,
      1.0332879818594105,
      1.0913378684807256,
      1.1493877551020408,
      1.2190476190476192,
      1.2654875283446712,
      1.3235374149659864,
      1.3815873015873017,
      1.4280272108843537,
      1.5441269841269842,
      1.6021768707482993,
      1.6602267573696146,
      1.7182766439909296,
      1.7647165532879818,
      1.8459863945578232,
      1.9156462585034013,
      1.9736961451247166,
      2.0317460317460316
    ],
    "attack_times": [
      0.0017006802721088435,
      0.07242630385487528,
      0.16043083900226757,
      0.24870748299319728,
      0.2859637188208617,
      0.34668934240362814,
      0.42859410430839,
      0.48018140589569164,
      0.5661451247165533,
      0.6294784580498867,
      0.6765079365079365,
      0.7507936507936508,
      0.8224943310657596,
      0.8887528344671202,
      0.9478004535147392,
      1.0068480725623583,
      1.07015873015873,
      1.1361904761904762,
      1.1962358276643992,
      1.253718820861678,
      1.300045351473923,
      1.357392290249433,
      1.405873015873016,
      1.5175283446712018,
      1.5923356009070295,
      1.6539682539682539,
      1.712063492063492,
      1.7508390022675737,
      1.8118367346938775,
      1.8903401360544219,
      1.9635374149659863,
      2.0053968253968253
    ],
    "onset_count": 32
  },
  "pitch": {
    "dominant_pitch_hz": 511.0667112435306,
    "pitch_confidence": 0.01007115337233676,
    "chroma_profile": [
      0.8426156640052795,
      0.4189912676811218,
      0.1995137482881546,
      0.2261604219675064,
      0.29438522458076477,
      0.2968856990337372,
      0.47526469826698303,
      0.43574100732803345,
      0.4328167140483856,
      0.4172861874103546,
      0.4339222013950348,
      0.9114353060722351
    ],
    "dominant_pitch_class": 11,
    "pitch_stability": 0.7773738572916961,
    "voiced_frame_count": 157
  },
  "timbre": {
    "mfcc": [
      -457.4428405761719,
      -5.730319023132324,
      -52.382568359375,
      2.6779119968414307,
      -31.194534301757812,
      -3.079021453857422,
      -27.95758819580078,
      -7.653230667114258,
      -29.35002326965332,
      -14.270942687988281,
      -17.651710510253906,
      1.42682683467865,
      -12.476033210754395
    ],
    "mfcc_delta": [
      -2.515930652618408,
      0.06759350746870041,
      -0.28416314721107483,
      -0.02902526594698429,
      -0.09500742703676224,
      0.013081658631563187,
      -0.14012104272842407,
      -0.07433200627565384,
      -0.0772961899638176,
      -0.03955677151679993,
      0.09704583138227463,
      0.08761120587587357,
      0.014555874280631542
    ],