{
  "analysis_version": "12",
  "audio_md5": "5e1af1149d432717f37b40f634c149c6",
  "sample_rate": 44100,
  "bit_depth": 16,
  "channels": 1,
  "duration": 0.9802267573696145,
  "captured_at": null,
  "params": {
    "n_fft": 2048,
    "hop_length": 512,
    "sample_rate": 44100
  },
  "spectral": {
    "spectral_flatness": 0.10459615615107616,
    "attack": 0.0,
    "release": 0.8345963093808089,
    "spectral_centroid": 0.5187696641388866,
    "spectral_bandwidth": 0.6598103826446041,
    "zcr": 0.010684742647058824,
    "harmonic_ratio": 0.7835731667237087,
    "spectral_contrast": 0.3962949614696777,
    "voiced_fraction": 1.0,
    "log_attack_time": 0.0,
    "spectral_flux": 0.0,
    "spectral_rolloff": 0.25158523923857645,
    "spectral_slope": 0.0
  },
  "rhythm": {
    "tempo_bpm": 120.18531976744185,
    "beat_times": [
      0.19736961451247165
    ],
    "pulse_curve": [
      0.02177281491458416,
      0.02761441096663475,
      0.034353289753198624,
      0.04371700435876846,
      0.05785929411649704,
      0.07907800376415253,
      0.10952480882406235,
      0.15092910826206207,
      0.2043551206588745,
      0.2700088322162628,
      0.34710946679115295,
      0.4338343143463135,
      0.5273438096046448,
      0.6238855123519897,
      0.7189774513244629,
      0.8076560497283936,
      0.8847812414169312,
      0.945375919342041,
      0.9849807620048523,
      1.0,
      0.988010823726654,
      0.9480132460594177,
      0.8805974125862122,
      0.7880083322525024,
      0.6740966439247131,
      0.5441501140594482,
      0.4046110510826111,
      0.2626909017562866,
      0.12590911984443665,
      0.001583222532644868,
      0.0,
      0.0,
      0.0,
      0.0,
      0.0,
      0.0,
      0.0,
      0.0,
      0.0,
      0.08687733113765717,
      0.16769059002399445,
      0.23485930263996124,
      0.2818317413330078,
      0.30356377363204956,
      0.2968815267086029,
      0.26070237159729004,
      0.1960972100496292,
      0.10619254410266876,
      0.0,
      0.0,
      0.0,
      0.0,
      0.0,
      0.0,
      0.0,
      0.0,
      0.0,
      0.0,
      0.0,
      0.0,
      0.0,
      0.0,
      0.0,
      0.0,
      0.0,
      0.0,
      0.0,
      0.0,
      0.0,
      0.0250887218862772,
      0.04975373297929764,
      0.06211843714118004,
      0.06432630121707916,
      0.05893195793032646,
      0.048640862107276917,
      0.03605956584215164,
      0.023476531729102135,
      0.012691077776253223,
      0.005165752023458481,
      0.0012269107392057776,
      4.001010633913893e-11,
      0.0,
      0.0,
      0.0,
      0.0
    ],
    "pulse_peak_times": [
      0.22058956916099773,
      0.4992290249433107,
      0.8359183673469388
    ],
    "onset_times": [
      0.034829931972789115,
      0.18575963718820862,
      0.301859410430839,
      0.3831292517006803,
      0.5108390022675737
    ],
    "attack_times": [
      0.0023129251700680273,
      0.1606122448979592,
      0.28206349206349207,
      0.3446485260770975,
      0.4934467120181406
    ],
    "onset_count": 5
  },
  "pitch": {
    "dominant_pitch_hz": 94.07250043362458,
    "pitch_confidence": 0.39375544394773804,
    "chroma_profile": [
      0.08584822714328766,
      0.09163149446249008,
      0.07068993896245956,
      0.06437042355537415,
      0.056167956441640854,
      0.13974778354167938,
      0.6801820397377014,
      0.4778974652290344,
      0.3072737157344818,
      0.18188537657260895,
      0.1392114907503128,
      0.10501395165920258
    ],
    "dominant_pitch_class": 6,
    "pitch_stability": 1.15285954092737,
    "voiced_frame_count": 85
  },
  "timbre": {
    "mfcc": [
      -591.8776245117188,
      81.12808990478516,
      39.300357818603516,
      42.07162857055664,
      29.092512130737305,
      26.20209312438965,
      24.136152267456055,
      20.09488296508789,
      18.797813415527344,
      14.247509956359863,
      14.91077995300293,
      11.79743766784668,
      5.312259674072266
    ],
    "mfcc_delta": [
      -5.748569011688232,
      -2.258368492126465,
      0.7937581539154053,
      -0.6725548505783081,
      0.27289170026779175,
      -0.21518348157405853,
      0.0914042666554451,
      0.09107999503612518,
      0.011457288637757301,
      0.16697466373443604,
      -0.06830786168575287,
      0.05360092967748642,
      0.17222563922405243
    ],
    "mfcc_onset": [
      -310.87081351512364,
      181.90816433670568,
      -15.411303233710099,
      64.15992515547673,
      -1.6016686512725846,
      21.08912232851015,
      11.40474144720582,
      5.7773446399946655,
      10.87413271087239,
      -3.292773848921941,
      11.106324498440987,
      4.7128345964607306,
      -7.354899086088809
    ]
  },
  "level": {
    "peak": 0.372283935546875,
    "rms": 0.03182035567971093,
    "crest_factor": 11.699552930649611,
    "crest_factor_db": 21.363385331570207,
    "noise_floor": 0.00023565173614770174
  },
  "band_energy": {
    "energy_fractions": [
      0.886668621489498,
      0.10508859569656717,
      0.00533627049546011,
      0.0025155368175600944
    ],
    "decay_rates": [
      0.8424142521563013,
      0.611649661953827,
      0.5049609864271075,
      0.46711257645433807
    ]
  }
}