{
  "analysis_version": "11",
  "audio_md5": "4ebab2776258dde48f80a7ce0d566a98",
  "sample_rate": 44100,
  "bit_depth": 16,
  "channels": 2,
  "duration": 0.9243083900226757,
  "captured_at": null,
  "params": {
    "n_fft": 2048,
    "hop_length": 512,
    "sample_rate": 44100
  },
  "spectral": {
    "spectral_flatness": 0.14518702809629563,
    "attack": 0.0,
    "release": 0.8262842830184368,
    "spectral_centroid": 0.5327513899066803,
    "spectral_bandwidth": 0.6629907425984614,
    "zcr": 0.01053466796875,
    "harmonic_ratio": 0.7794815115904851,
    "spectral_contrast": 0.3998017122312599,
    "voiced_fraction": 1.0,
    "log_attack_time": 0.0,
    "spectral_flux": 0.0
  },
  "rhythm": {
    "tempo_bpm": 120.18531976744185,
    "beat_times": [
      0.19736961451247165
    ],
    "pulse_curve": [
      0.0,
      0.0,
      0.0,
      0.0,
      0.0,
      0.0,
      0.0,
      0.0,
      0.0031859814189374447,
      0.011542385444045067,
      0.026126746088266373,
      0.0475781075656414,
      0.07587814331054688,
      0.11035092175006866,
      0.1496904343366623,
      0.19201543927192688,
      0.23495171964168549,
      0.27574002742767334,
      0.3113672137260437,
      0.33871808648109436,
      0.35474157333374023,
      0.35662662982940674,
      0.3419787585735321,
      0.30898940563201904,
      0.25658807158470154,
      0.1845676451921463,
      0.09367270022630692,
      0.0,
      0.0,
      0.0,
      0.0,
      0.0,
      0.0,
      0.0,
      0.0,
      0.0,
      0.0,
      0.0,
      0.0,
      0.0,
      0.0,
      0.0,
      0.0,
      0.0,
      0.0,
      0.0,
      0.0,
      0.07204952836036682,
      0.25979721546173096,
      0.4361962080001831,
      0.5954791903495789,
      0.7326974272727966,
      0.8439176082611084,
      0.9263622164726257,
      0.978488028049469,
      1.0,
      0.991805374622345,
      0.9559128880500793,
      0.8952854871749878,
      0.8136610388755798,
      0.7153477668762207,
      0.6050101518630981,
      0.4874550700187683,
      0.3674267530441284,
      0.24942004680633545,
      0.1375173032283783,
      0.035253189504146576,
      0.0,
      0.0,
      0.0,
      0.0,
      0.0,
      0.0,
      0.0,
      0.0,
      0.0,
      0.0,
      0.0,
      0.0,
      0.0
    ],
    "pulse_peak_times": [
      0.2438095238095238,
      0.6385487528344671
    ],
    "onset_times": [
      0.034829931972789115,
      0.18575963718820862,
      0.26702947845804986,
      0.301859410430839,
      0.3947392290249433,
      0.44117913832199546,
      0.5108390022675737
    ],
    "attack_times": [
      0.00235827664399093,
      0.15070294784580499,
      0.23594104308390024,
      0.2940589569160998,
      0.38283446712018143,
      0.42272108843537415,
      0.5031746031746032
    ],
    "onset_count": 7
  },
  "pitch": {
    "dominant_pitch_hz": 100.53405658535445,
    "pitch_confidence": 0.42524023133021166,
    "chroma_profile": [
      0.12108572572469711,
      0.09011317789554596,
      0.08983398973941803,
      0.0725049301981926,
      0.06337066739797592,
      0.05921608954668045,
      0.11057800054550171,
      0.6592069268226624,
      0.5057046413421631,
      0.300346314907074,
      0.19742673635482788,
      0.14109328389167786
    ],
    "dominant_pitch_class": 7,
    "pitch_stability": 1.1574217036154106,
    "voiced_frame_count": 80
  },
  "timbre": {
    "mfcc": [
      -587.0769653320312,
      82.95857238769531,
      39.896141052246094,
      41.30209732055664,
      28.26187515258789,
      26.004932403564453,
      23.428987503051758,
      19.59385871887207,
      17.446529388427734,
      13.670919418334961,
      13.770715713500977,
      7.798017978668213,
      2.2036550045013428
    ],
    "mfcc_delta": [
      -6.128453254699707,
      -2.454090118408203,
      0.7385285496711731,
      -0.8011945486068726,
      0.23186393082141876,
      -0.31141024827957153,
      0.08431024104356766,
      0.010069286450743675,
      -0.021154755726456642,
      0.1073044165968895,
      -0.10532788187265396,
      0.12695050239562988,
      0.1825924664735794
    ],
    "mfcc_onset": [
      -312.37426457962795,
      180.65197139872998,
      -13.21549740100566,
      61.76903198793254,
      -3.24600882783047,
      22.547044117518297,
      8.921030789532175,
      7.0017394883537865,
      8.155861971005812,
      -1.8321751564214634,
      12.194554886718631,
      -2.730522195219633,
      -9.743411710902272
    ]
  },
  "level": {
    "peak": 0.36553955078125,
    "rms": 0.03171961758378052
  },
  "band_energy": {
    "energy_fractions": [
      0.8688905677668506,
      0.12340366254802,
      0.005230420163594102,
      0.0021063233841136847
    ],
    "decay_rates": [
      0.8372542447279672,
      0.5961537341632369,
      0.5049609864271075,
      0.46711257645433807
    ]
  }
}