{
  "analysis_version": "11",
  "audio_md5": "4bf6a4821439b6f796b023c795c30154",
  "sample_rate": 44100,
  "bit_depth": 16,
  "channels": 2,
  "duration": 0.8396598639455782,
  "captured_at": null,
  "params": {
    "n_fft": 2048,
    "hop_length": 512,
    "sample_rate": 44100
  },
  "spectral": {
    "spectral_flatness": 0.16437610972927824,
    "attack": 0.0,
    "release": 0.8143157334034471,
    "spectral_centroid": 0.5386325518915942,
    "spectral_bandwidth": 0.6710127836323196,
    "zcr": 0.01230736301369863,
    "harmonic_ratio": 0.7769117565354505,
    "spectral_contrast": 0.3976129848892659,
    "voiced_fraction": 1.0,
    "log_attack_time": 0.0,
    "spectral_flux": 0.0
  },
  "rhythm": {
    "tempo_bpm": 120.18531976744185,
    "beat_times": [
      0.19736961451247165
    ],
    "pulse_curve": [
      0.0,
      0.0,
      0.0,
      0.0,
      0.0,
      0.0,
      0.0,
      0.0,
      0.0,
      0.0,
      0.033249665051698685,
      0.211455836892128,
      0.39985141158103943,
      0.5838918685913086,
      0.7485946416854858,
      0.8799743056297302,
      0.9664381742477417,
      1.0,
      0.9771084785461426,
      0.8991270065307617,
      0.7723901867866516,
      0.6076673269271851,
      0.41911566257476807,
      0.22283124923706055,
      0.03515220060944557,
      0.0,
      0.0,
      0.0,
      0.0,
      0.0,
      0.0,
      0.0,
      0.0,
      0.0,
      0.0,
      5.871830799364375e-11,
      0.02978362701833248,
      0.03527897223830223,
      0.018623363226652145,
      0.0,
      0.0,
      0.0,
      0.0,
      0.0,
      0.0,
      0.0,
      0.0,
      0.0,
      0.0,
      0.0,
      0.0,
      0.0,
      0.0,
      0.0,
      0.0,
      0.0,
      0.0,
      0.0,
      0.0,
      0.0,
      0.0,
      0.0,
      0.0,
      0.0,
      0.0,
      0.0,
      0.0,
      0.0,
      0.004053691402077675,
      0.006910146214067936,
      0.005236648488789797,
      5.40962996620209e-10,
      0.0
    ],
    "pulse_peak_times": [
      0.19736961451247165,
      0.4295691609977324,
      0.8010884353741496
    ],
    "onset_times": [
      0.034829931972789115,
      0.11609977324263039,
      0.18575963718820862,
      0.301859410430839,
      0.40634920634920635
    ],
    "attack_times": [
      0.002494331065759637,
      0.08587301587301588,
      0.1772108843537415,
      0.25485260770975054,
      0.3790249433106576
    ],
    "onset_count": 5
  },
  "pitch": {
    "dominant_pitch_hz": 111.87168684176291,
    "pitch_confidence": 0.4991907840768221,
    "chroma_profile": [
      0.21407276391983032,
      0.16512887179851532,
      0.12434078752994537,
      0.09320935606956482,
      0.09284686297178268,
      0.07419528067111969,
      0.06625501811504364,
      0.06411854177713394,
      0.1291036605834961,
      0.6727405786514282,
      0.49312645196914673,
      0.31305384635925293
    ],
    "dominant_pitch_class": 9,
    "pitch_stability": 1.0952806522814844,
    "voiced_frame_count": 73
  },
  "timbre": {
    "mfcc": [
      -601.4848022460938,
      90.76116180419922,
      42.403709411621094,
      41.1495475769043,
      27.561969757080078,
      25.125043869018555,
      22.247623443603516,
      18.82893180847168,
      14.766039848327637,
      11.5474214553833,
      8.329383850097656,
      0.5388807058334351,
      0.13233903050422668
    ],
    "mfcc_delta": [
      -6.711841583251953,
      -2.5253777503967285,
      0.9295791387557983,
      -0.6403578519821167,
      0.434288889169693,
      -0.21955707669258118,
      0.25863784551620483,
      0.03660101071000099,
      0.1251293122768402,
      0.09097050875425339,
      0.0388219952583313,
      0.30265146493911743,
      0.20001019537448883
    ],
    "mfcc_onset": [
      -332.4361811401405,
      182.38647343581437,
      -9.686090213041407,
      56.3797877716509,
      -4.23063433430593,
      22.20509354101657,
      4.827629268963163,
      9.419447588763925,
      1.8118216414967099,
      1.3061505008929226,
      4.912594252633154,
      -14.82898894185913,
      -9.109713751664295
    ]
  },
  "level": {
    "peak": 0.3057708740234375,
    "rms": 0.027906587509079286
  },
  "band_energy": {
    "energy_fractions": [
      0.863411636365827,
      0.1299897453283683,
      0.004975737813901209,
      0.0012978438149028448
    ],
    "decay_rates": [
      0.8233926649723213,
      0.611649661953827,
      0.5343184939733435,
      0.46711257645433807
    ]
  }
}