{
  "analysis_version": "12",
  "audio_md5": "2424c39ac2f036febd0a6451139aaac8",
  "sample_rate": 44100,
  "bit_depth": 16,
  "channels": 1,
  "duration": 1.6977777777777778,
  "captured_at": null,
  "params": {
    "n_fft": 2048,
    "hop_length": 512,
    "sample_rate": 44100
  },
  "spectral": {
    "spectral_flatness": 0.38957604353670605,
    "attack": 0.0,
    "release": 0.8497935688821238,
    "spectral_centroid": 0.7751788112953821,
    "spectral_bandwidth": 0.7394663115025758,
    "zcr": 0.33956473214285715,
    "harmonic_ratio": 0.5033070716096562,
    "spectral_contrast": 0.4596811188126577,
    "voiced_fraction": 0.0,
    "log_attack_time": 0.0,
    "spectral_flux": 0.012288221741550089,
    "spectral_rolloff": 0.7980145917794611,
    "spectral_slope": 0.2309568855826435
  },
  "rhythm": {
    "tempo_bpm": 56.17357336956522,
    "beat_times": [
      0.4992290249433107,
      1.5789569160997732
    ],
    "pulse_curve": [
      0.9163734316825867,
      0.9425055980682373,
      0.9511244893074036,
      0.9409534931182861,
      0.9126972556114197,
      0.8689373135566711,
      0.8138117790222168,
      0.7525167465209961,
      0.6906858682632446,
      0.633728563785553,
      0.5862023830413818,
      0.5512858033180237,
      0.5304280519485474,
      0.5231968760490417,
      0.5273557305335999,
      0.5391503572463989,
      0.5537747740745544,
      0.5659568905830383,
      0.5705946683883667,
      0.5633702874183655,
      0.5412667989730835,
      0.5029275417327881,
      0.4488186836242676,
      0.38117703795433044,
      0.303748220205307,
      0.22135023772716522,
      0.1393164098262787,
      0.06288109719753265,
      0.0,
      0.0,
      0.0,
      0.0,
      0.0,
      0.0,
      0.0,
      0.0,
      0.0,
      0.0,
      0.0,
      0.0,
      0.0,
      0.0,
      0.0,
      0.0,
      0.0,
      0.0,
      0.0,
      0.0,
      0.0,
      0.0,
      0.0,
      0.0,
      0.0,
      0.0,
      0.0,
      0.0,
      0.0,
      0.0,
      0.016896549612283707,
      0.034759167581796646,
      0.04802487790584564,
      0.05927760526537895,
      0.07128716260194778,
      0.08662930876016617,
      0.10735267400741577,
      0.13473303616046906,
      0.1691417247056961,
      0.21003900468349457,
      0.2560862600803375,
      0.30535298585891724,
      0.3555886745452881,
      0.4045158624649048,
      0.4501078724861145,
      0.49081307649612427,
      0.525706946849823,
      0.5545502305030823,
      0.5777449607849121,
      0.596217930316925,
      0.6112416386604309,
      0.6242335438728333,
      0.6365576982498169,
      0.6493538022041321,
      0.6634191274642944,
      0.6791502237319946,
      0.6965494155883789,
      0.7152851819992065,
      0.7347948551177979,
      0.7544080018997192,
      0.7734667062759399,
      0.7914304733276367,
      0.8079452514648438,
      0.8228734135627747,
      0.8362856507301331,
      0.8484146595001221,
      0.8595931529998779,
      0.8701773881912231,
      0.8804817199707031,
      0.8907291889190674,
      0.901020348072052,
      0.9113348126411438,
      0.9215660691261292,
      0.9315677881240845,
      0.9411922097206116,
      0.9503116607666016,
      0.9588290452957153,
      0.9666789174079895,
      0.9738138318061829,
      0.9801925420761108,
      0.9857667684555054,
      0.9904849529266357,
      0.9943039417266846,
      0.9971844553947449,
      0.999092698097229,
      1.0,
      0.9998830556869507,
      0.998724639415741,
      0.9965101480484009,
      0.9932323098182678,
      0.9888859391212463,
      0.9834704995155334,
      0.9769884943962097,
      0.9694454073905945,
      0.9608482718467712,
      0.9512068629264832,
      0.9405301809310913,
      0.9288286566734314,
      0.9161116480827332,
      0.902387797832489,
      0.8876636624336243,
      0.8719432353973389,
      0.8552271723747253,
      0.8375126719474792,
      0.8187930583953857,
      0.7990617156028748,
      0.7783103585243225,
      0.7565294504165649,
      0.733708381652832,
      0.7098350524902344,
      0.6848958134651184,
      0.6588758230209351,
      0.631758451461792,
      0.6035255193710327,
      0.5741567611694336,
      0.5436303615570068,
      0.5119225382804871,
      0.47900694608688354,
      0.4448551833629608
    ],
    "pulse_peak_times": [
      0.023219954648526078,
      0.2089795918367347,
      1.3119274376417234
    ],
    "onset_times": [
      0.034829931972789115,
      0.06965986394557823,
      0.13931972789115646,
      0.2089795918367347,
      0.33668934240362813,
      0.3947392290249433,
      0.4876190476190476,
      0.5224489795918368,
      0.6385487528344671,
      0.7082086167800453,
      0.7662585034013606,
      0.8475283446712019,
      0.9636281179138322,
      0.9984580498866213,
      1.0565079365079366,
      1.0913378684807256,
      1.253877551020408,
      1.4164172335600906,
      1.4628571428571429,
      1.5209070294784581,
      1.555736961451247,
      1.6834467120181407
    ],
    "attack_times": [
      0.0022448979591836735,
      0.06337868480725624,
      0.11321995464852608,
      0.1791609977324263,
      0.29594104308390023,
      0.3681859410430839,
      0.47058956916099776,
      0.5082086167800454,
      0.6247392290249433,
      0.6990022675736961,
      0.749750566893424,
      0.8241723356009071,
      0.9360544217687075,
      0.9984580498866213,
      1.0306802721088435,
      1.0753741496598639,
      1.224467120181406,
      1.3793424036281179,
      1.459954648526077,
      1.5146938775510204,
      1.5552607709750568,
      1.644875283446712
    ],
    "onset_count": 22
  },
  "pitch": {
    "dominant_pitch_hz": 0.0,
    "pitch_confidence": 0.0,
    "chroma_profile": [
      0.4328949451446533,
      0.1980838030576706,
      0.3843385875225067,
      0.8083264827728271,
      0.8743404746055603,
      0.627134382724762,
      0.5932621955871582,
      0.786966860294342,
      0.7094390988349915,
      0.7616181373596191,
      0.48574522137641907,
      0.5555896162986755
    ],
    "dominant_pitch_class": 4,
    "pitch_stability": 0.0,
    "voiced_frame_count": 0
  },
  "timbre": {
    "mfcc": [
      -495.3548583984375,
      80.50480651855469,
      -72.90991973876953,
      24.80409049987793,
      -27.665264129638672,
      -9.44344711303711,
      -17.557876586914062,
      -5.006668567657471,
      -8.21704387664795,
      -14.100288391113281,
      -9.386295318603516,
      -4.7650675773620605,
      -0.6026195287704468
    ],
    "mfcc_delta": [
      -3.6158974170684814,
      1.127319574356079,
      -0.3080175817012787,
      -0.10489948093891144,
      0.24535027146339417,
      -0.11409571021795273,
      0.12316444516181946,
      -0.18132813274860382,
      0.059480465948581696,
      0.02623443864285946,
      0.10318838059902191,
      -0.041329920291900635,
      -0.004390599671751261
    ],
    "mfcc_onset": [
      -254.21150853779884,
      -26.859543823022904,
      -21.540244547195655,
      25.68461294654889,
      -34.68989862266329,
      -3.1236968284298863,
      -29.961866361979695,
      15.473304938131765,
      -13.737405838944222,
      -5.287200803246272,
      -15.712746313045699,
      0.7741266775819431,
      0.4250919889758655
    ]
  },
  "level": {
    "peak": 0.1560516357421875,
    "rms": 0.008321609492208174,
    "crest_factor": 18.75257855926841,
    "crest_factor_db": 25.461219870144784,
    "noise_floor": 0.00028825353365391493
  },
  "band_energy": {
    "energy_fractions": [
      0.00029898940976270195,
      0.06629940821797162,
      0.3582707672157667,
      0.5745819689830576
    ],
    "decay_rates": [
      0.7561867474533159,
      0.9323358467677635,
      0.8815216509224525,
      0.7903289031863234
    ]
  }
}