{
  "analysis_version": "11",
  "audio_md5": "6fe349a16d2db90c217735caf26d4ff0",
  "sample_rate": 44100,
  "bit_depth": 16,
  "channels": 2,
  "duration": 0.5394557823129251,
  "captured_at": null,
  "params": {
    "n_fft": 2048,
    "hop_length": 512,
    "sample_rate": 44100
  },
  "spectral": {
    "spectral_flatness": 0.2247110002309071,
    "attack": 0.0,
    "release": 0.6380505658636294,
    "spectral_centroid": 0.7690693333085099,
    "spectral_bandwidth": 0.7491166072788664,
    "zcr": 0.16439494680851063,
    "harmonic_ratio": 0.6682037718443647,
    "spectral_contrast": 0.4620267685401377,
    "voiced_fraction": 1.0,
    "log_attack_time": 0.0,
    "spectral_flux": 0.0
  },
  "rhythm": {
    "tempo_bpm": 120.18531976744185,
    "beat_times": [
      0.19736961451247165
    ],
    "pulse_curve": [
      0.0,
      0.0,
      0.0,
      0.0,
      0.0,
      0.03408219292759895,
      0.13958488404750824,
      0.2503962814807892,
      0.36433538794517517,
      0.47869423031806946,
      0.5903012156486511,
      0.6956169009208679,
      0.7908756732940674,
      0.8722773790359497,
      0.9362245798110962,
      0.979591429233551,
      1.0,
      0.9960668087005615,
      0.9675881862640381,
      0.9156266450881958,
      0.8424842357635498,
      0.7515609860420227,
      0.647114634513855,
      0.5339537262916565,
      0.41710466146469116,
      0.3014884889125824,
      0.19162407517433167,
      0.09137013554573059,
      0.003711904399096966,
      0.0,
      0.0,
      0.0,
      0.0,
      0.0,
      0.0,
      0.0,
      0.0,
      0.0,
      0.0,
      0.0,
      0.0,
      0.0,
      0.0,
      0.0,
      0.0,
      0.0,
      0.0
    ],
    "pulse_peak_times": [
      0.18575963718820862
    ],
    "onset_times": [
      0.11609977324263039,
      0.18575963718820862,
      0.301859410430839,
      0.3831292517006803
    ],
    "attack_times": [
      0.09287981859410431,
      0.17326530612244898,
      0.287891156462585,
      0.35759637188208615
    ],
    "onset_count": 4
  },
  "pitch": {
    "dominant_pitch_hz": 505.1966093998751,
    "pitch_confidence": 0.3753212973460046,
    "chroma_profile": [
      0.4443953037261963,
      0.2521064877510071,
      0.1865094006061554,
      0.2457442581653595,
      0.17569702863693237,
      0.1360936462879181,
      0.07661248743534088,
      0.10940907150506973,
      0.12610980868339539,
      0.21775095164775848,
      0.9947603940963745,
      0.5491792559623718
    ],
    "dominant_pitch_class": 10,
    "pitch_stability": 0.47346999304514115,
    "voiced_frame_count": 47
  },
  "timbre": {
    "mfcc": [
      -531.2946166992188,
      36.58734130859375,
      -48.77394485473633,
      18.4433536529541,
      -11.15980052947998,
      1.5373822450637817,
      -21.9238224029541,
      -30.74696159362793,
      -18.81464958190918,
      -19.375530242919922,
      -16.086013793945312,
      -15.179874420166016,
      0.8720487952232361
    ],
    "mfcc_delta": [
      -10.293362617492676,
      -0.7634140253067017,
      2.0832958221435547,
      -0.4819130599498749,
      0.8702396750450134,
      -0.3125583827495575,
      0.526221513748169,
      0.3412001132965088,
      0.3945345878601074,
      0.24792088568210602,
      0.070275217294693,
      0.2623138725757599,
      -0.07505670189857483
    ],
    "mfcc_onset": [
      -301.01893988981345,
      53.23924634960639,
      -88.7239730063141,
      30.37305719192066,
      -32.370154659887824,
      8.353591616240477,
      -36.00295668123344,
      -33.77767329358239,
      -27.82156743928309,
      -26.162266646585174,
      -17.48889619483862,
      -19.758738483270893,
      3.221744750530143
    ]
  },
  "level": {
    "peak": 0.3017120361328125,
    "rms": 0.022002162349291667
  },
  "band_energy": {
    "energy_fractions": [
      6.109211215988489e-05,
      0.7540089520710203,
      0.16989524581705281,
      0.07596269139740996
    ],
    "decay_rates": [
      0.6380505658636294,
      0.6494980719265965,
      0.5583053241904673,
      0.5049609864271075
    ]
  }
}