{
  "analysis_version": "12",
  "audio_md5": "556994ab33f8f9db2b06652d2d5f3b10",
  "sample_rate": 44100,
  "bit_depth": 16,
  "channels": 1,
  "duration": 1.616235827664399,
  "captured_at": null,
  "params": {
    "n_fft": 2048,
    "hop_length": 512,
    "sample_rate": 44100
  },
  "spectral": {
    "spectral_flatness": 0.6249394442523115,
    "attack": 0.6494980719265965,
    "release": 0.8717717597025373,
    "spectral_centroid": 0.8197069472261241,
    "spectral_bandwidth": 0.76138989875254,
    "zcr": 0.37185407366071427,
    "harmonic_ratio": 0.30286426406525313,
    "spectral_contrast": 0.42955072427319985,
    "voiced_fraction": 0.2785714285714286,
    "log_attack_time": 0.6494980719265965,
    "spectral_flux": 0.3225287946646907,
    "spectral_rolloff": 0.8353730860205627,
    "spectral_slope": 0.17510624560625632
  },
  "rhythm": {
    "tempo_bpm": 206.71875,
    "beat_times": [
      0.11609977324263039,
      0.4295691609977324
    ],
    "pulse_curve": [
      0.8840510845184326,
      0.904469907283783,
      0.9227967262268066,
      0.9390727877616882,
      0.9533389210700989,
      0.9656339287757874,
      0.9759955406188965,
      0.9844582676887512,
      0.9910582900047302,
      0.9958279132843018,
      0.9987986087799072,
      1.0,
      0.99946129322052,
      0.9972093105316162,
      0.9932692646980286,
      0.9876657128334045,
      0.9804202914237976,
      0.9715531468391418,
      0.9610841870307922,
      0.949033796787262,
      0.9354215264320374,
      0.920268714427948,
      0.9035986661911011,
      0.8854352235794067,
      0.865805447101593,
      0.8447403311729431,
      0.8222730159759521,
      0.7984420657157898,
      0.7732889652252197,
      0.7468622326850891,
      0.719214916229248,
      0.6904061436653137,
      0.6605008244514465,
      0.6295723915100098,
      0.5976989269256592,
      0.564967930316925,
      0.5314717888832092,
      0.49731144309043884,
      0.46259424090385437,
      0.42743414640426636,
      0.39195263385772705,
      0.356275737285614,
      0.32053521275520325,
      0.28486767411231995,
      0.24941326677799225,
      0.21431522071361542,
      0.17971783876419067,
      0.14576640725135803,
      0.11260557174682617,
      0.08037771284580231,
      0.049222081899642944,
      0.019273119047284126,
      0.0,
      0.0,
      0.0,
      0.0,
      0.0,
      0.0,
      0.0,
      0.0,
      0.0,
      0.0,
      0.0,
      0.0,
      0.0,
      0.0,
      0.0,
      0.0,
      0.0,
      0.0,
      0.0,
      0.0,
      0.0,
      0.0,
      0.0,
      0.0,
      0.0,
      0.0,
      0.0,
      0.0,
      0.0,
      0.0,
      0.0,
      0.0,
      0.0,
      0.0,
      0.0,
      0.0,
      0.0,
      0.0007324204780161381,
      0.011672135442495346,
      0.021994877606630325,
      0.0316636748611927,
      0.040650513023138046,
      0.048936184495687485,
      0.05650981515645981,
      0.06336835771799088,
      0.0695161446928978,
      0.07496413588523865,
      0.07972944527864456,
      0.08383440971374512,
      0.08730601519346237,
      0.09017512947320938,
      0.09247560054063797,
      0.09424379467964172,
      0.09551763534545898,
      0.0963359922170639,
      0.09673810005187988,
      0.09676288813352585,
      0.09644850343465805,
      0.09583166986703873,
      0.09494740515947342,
      0.09382861107587814,
      0.09250560402870178,
      0.0910060778260231,
      0.0893547534942627,
      0.08757328242063522,
      0.08568010479211807,
      0.08369052410125732,
      0.0816165879368782,
      0.07946720719337463,
      0.0772482380270958,
      0.07496263086795807,
      0.07261058688163757,
      0.0701897069811821,
      0.06769531965255737,
      0.06512060761451721,
      0.06245698034763336,
      0.05969426780939102,
      0.05682109296321869,
      0.05382513627409935,
      0.05069366842508316,
      0.04741465300321579,
      0.04397732764482498,
      0.04037535935640335,
      0.03660662844777107,
      0.03267025202512741,
      0.02856641262769699,
      0.024296332150697708,
      0.01986214891076088
    ],
    "pulse_peak_times": [
      0.12770975056689343,
      1.253877551020408
    ],
    "onset_times": [
      0.034829931972789115,
      0.06965986394557823,
      0.10448979591836735,
      0.16253968253968254,
      0.2438095238095238,
      0.3250793650793651,
      0.3599092970521542,
      0.4527891156462585,
      0.5804988662131519,
      0.6617687074829932,
      0.6965986394557823,
      0.8591383219954648,
      0.9520181405895691,
      0.9868480725623583,
      1.0332879818594105,
      1.1145578231292517,
      1.172607709750567,
      1.242267573696145,
      1.3119274376417234,
      1.3815873015873017,
      1.4396371882086167,
      1.474467120181406,
      1.509297052154195
    ],
    "attack_times": [
      0.0020634920634920637,
      0.05675736961451247,
      0.10448979591836735,
      0.13931972789115646,
      0.22002267573696146,
      0.3159183673469388,
      0.3483219954648526,
      0.4453061224489796,
      0.5580725623582766,
      0.6228344671201814,
      0.6866666666666666,
      0.8173696145124717,
      0.9293197278911565,
      0.9779138321995465,
      1.0278004535147391,
      1.0749206349206348,
      1.1563945578231292,
      1.2205895691609978,
      1.2933786848072562,
      1.3562585034013606,
      1.4203854875283446,
      1.4610430839002269,
      1.5070294784580498
    ],
    "onset_count": 23
  },
  "pitch": {
    "dominant_pitch_hz": 1167.3605302417482,
    "pitch_confidence": 0.010000413967286521,
    "chroma_profile": [
      0.6553990840911865,
      0.5938506722450256,
      0.7355647087097168,
      0.5809354782104492,
      0.4842616617679596,
      0.5250511765480042,
      0.4551856517791748,
      0.4384886622428894,
      0.4363791048526764,
      0.5413376688957214,
      0.7902899384498596,
      0.9260298609733582
    ],
    "dominant_pitch_class": 11,
    "pitch_stability": 0.7228677638934163,
    "voiced_frame_count": 39
  },
  "timbre": {
    "mfcc": [
      -378.80419921875,
      -13.136995315551758,
      -89.58687591552734,
      18.09282684326172,
      -29.16153335571289,
      6.484537124633789,
      -12.33102035522461,
      16.6704044342041,
      29.489784240722656,
      26.314773559570312,
      6.201871871948242,
      -2.507124423980713,
      -9.578577995300293
    ],
    "mfcc_delta": [
      -4.4830803871154785,
      0.19947965443134308,
      0.6612589359283447,
      -0.11094281822443008,
      0.419280081987381,
      -0.0036758286878466606,
      0.1725543737411499,
      -0.01609713025391102,
      -0.04948537051677704,
      -0.09585950523614883,
      -0.033990565687417984,
      0.03041856549680233,
      -0.00576781528070569
    ],
    "mfcc_onset": [
      -200.54019092370208,
      -30.84339672995552,
      -107.59121966176663,
      13.762734762081342,
      -49.78939991381185,
      -3.289970155422831,
      -24.230488827818927,
      9.408391931506165,
      24.948686713839486,
      25.551550630721604,
      6.484400956217572,
      -5.695309159483112,
      -8.287668492748036
    ]
  },
  "level": {
    "peak": 0.3175811767578125,
    "rms": 0.02928322701429688,
    "crest_factor": 10.845156396279705,
    "crest_factor_db": 20.704716385743787,
    "noise_floor": 0.0004254860687069595
  },
  "band_energy": {
    "energy_fractions": [
      0.0004954576303894915,
      0.08449693245739504,
      0.5446830717731244,
      0.3684905525196429
    ],
    "decay_rates": [
      0.9609247251077537,
      0.8634157248684642,
      0.8796286207817966,
      0.8612410749450908
    ]
  }
}