{
  "analysis_version": "12",
  "audio_md5": "2ac94294be5e3c0aa2825ba45ea5c2b4",
  "sample_rate": 44100,
  "bit_depth": 16,
  "channels": 1,
  "duration": 1.759546485260771,
  "captured_at": null,
  "params": {
    "n_fft": 2048,
    "hop_length": 512,
    "sample_rate": 44100
  },
  "spectral": {
    "spectral_flatness": 0.339116490925294,
    "attack": 0.0,
    "release": 0.8497935688821238,
    "spectral_centroid": 0.7684122840687053,
    "spectral_bandwidth": 0.7295831817135631,
    "zcr": 0.3450927734375,
    "harmonic_ratio": 0.43963196670032306,
    "spectral_contrast": 0.43989476957280294,
    "voiced_fraction": 0.09868421052631579,
    "log_attack_time": 0.0,
    "spectral_flux": 0.0,
    "spectral_rolloff": 0.8043292077049848,
    "spectral_slope": 0.20842928952443274
  },
  "rhythm": {
    "tempo_bpm": 129.19921875,
    "beat_times": [
      0.034829931972789115,
      0.46439909297052157,
      0.905578231292517,
      1.3119274376417234
    ],
    "pulse_curve": [
      0.8428270220756531,
      0.858517587184906,
      0.8458150625228882,
      0.8049463033676147,
      0.7392134666442871,
      0.6546752452850342,
      0.5595104098320007,
      0.46312227845191956,
      0.3751051723957062,
      0.30418527126312256,
      0.2572422921657562,
      0.23852446675300598,
      0.24914202094078064,
      0.28689929842948914,
      0.34648939967155457,
      0.42002803087234497,
      0.49787747859954834,
      0.5696958899497986,
      0.6255868077278137,
      0.6572244763374329,
      0.6588273644447327,
      0.6278636455535889,
      0.5654078722000122,
      0.47609367966651917,
      0.3676651418209076,
      0.2501622438430786,
      0.1348327100276947,
      0.03288046270608902,
      0.0,
      0.0,
      0.0,
      0.0,
      0.0,
      0.044569212943315506,
      0.13507623970508575,
      0.22736334800720215,
      0.30917227268218994,
      0.369274377822876,
      0.3987780809402466,
      0.3921855390071869,
      0.3480757176876068,
      0.26932764053344727,
      0.1628509759902954,
      0.03884568065404892,
      0.0,
      0.0,
      0.0,
      0.0,
      0.0,
      0.0,
      0.0,
      0.0,
      0.0,
      0.0,
      0.03358837217092514,
      0.12483524531126022,
      0.18899141252040863,
      0.2182878702878952,
      0.20906385779380798,
      0.16217879951000214,
      0.0828959122300148,
      0.0,
      0.0,
      0.0,
      0.0,
      0.0,
      0.0,
      0.0,
      0.0,
      0.0,
      0.0,
      0.0,
      0.0,
      0.08135199546813965,
      0.1693234145641327,
      0.22991742193698883,
      0.2584741413593292,
      0.2542238235473633,
      0.22026917338371277,
      0.16310539841651917,
      0.09176106005907059,
      0.016675541177392006,
      0.0,
      0.0,
      0.0,
      0.0,
      0.0,
      0.0,
      0.034855931997299194,
      0.12920765578746796,
      0.23000353574752808,
      0.32842400670051575,
      0.4164186716079712,
      0.4875849783420563,
      0.5378102660179138,
      0.5656132698059082,
      0.5721614360809326,
      0.5609721541404724,
      0.5373660326004028,
      0.5077494978904724,
      0.47880831360816956,
      0.45672157406806946,
      0.44648829102516174,
      0.45143985748291016,
      0.4729674160480499,
      0.5104777216911316,
      0.5615797638893127,
      0.6224565505981445,
      0.6883781552314758,
      0.7542842030525208,
      0.8153676986694336,
      0.8675957322120667,
      0.9081162810325623,
      0.9354965686798096,
      0.9497743248939514,
      0.952332615852356,
      0.9456310868263245,
      0.9328319430351257,
      0.91737300157547,
      0.9025493860244751,
      0.891144871711731,
      0.8851616382598877,
      0.8856707811355591,
      0.8927729725837708,
      0.9056692123413086,
      0.922826886177063,
      0.9422157406806946,
      0.9615767002105713,
      0.9786972999572754,
      0.991658091545105,
      0.9990293383598328,
      1.0,
      0.9944175481796265,
      0.9827357530593872,
      0.9658988118171692,
      0.9451714754104614,
      0.9219488501548767,
      0.8975725769996643,
      0.8731688261032104,
      0.8495460152626038,
      0.8271452188491821,
      0.8060407042503357,
      0.785978376865387,
      0.7664480805397034,
      0.7467772364616394,
      0.7262324690818787,
      0.7041140198707581,
      0.6798374652862549,
      0.6529950499534607,
      0.6233996152877808,
      0.5910850763320923,
      0.5562704205513
    ],
    "pulse_peak_times": [
      0.011609977324263039,
      0.23219954648526078,
      0.44117913832199546,
      0.6617687074829932,
      0.8823582766439909,
      1.1145578231292517,
      1.3351473922902495,
      1.5209070294784581
    ],
    "onset_times": [
      0.034829931972789115,
      0.09287981859410431,
      0.19736961451247165,
      0.34829931972789113,
      0.3831292517006803,
      0.4295691609977324,
      0.5224489795918368,
      0.626938775510204,
      0.6617687074829932,
      0.7778684807256235,
      0.8243083900226758,
      0.905578231292517,
      1.0216780045351475,
      1.0797278911564625,
      1.1377777777777778,
      1.242267573696145,
      1.2887074829931973,
      1.4396371882086167,
      1.474467120181406,
      1.5905668934240362,
      1.6370068027210884,
      1.7531065759637188
    ],
    "attack_times": [
      0.0020861678004535146,
      0.07571428571428572,
      0.1764172335600907,
      0.32272108843537417,
      0.36736961451247163,
      0.4191609977324263,
      0.4943764172335601,
      0.5970748299319728,
      0.6498185941043084,
      0.7559863945578231,
      0.8080498866213152,
      0.8836734693877552,
      1.0,
      1.069546485260771,
      1.1115192743764173,
      1.20702947845805,
      1.2746485260770974,
      1.4254421768707484,
      1.4658049886621316,
      1.5565986394557823,
      1.6153061224489795,
      1.7197052154195012
    ],
    "onset_count": 22
  },
  "pitch": {
    "dominant_pitch_hz": 104.37997464223893,
    "pitch_confidence": 0.010410316260350522,
    "chroma_profile": [
      0.44727668166160583,
      0.39693763852119446,
      0.917138934135437,
      0.6264047026634216,
      0.49739179015159607,
      0.4510280191898346,
      0.821006178855896,
      0.6633746027946472,
      0.8112953305244446,
      0.5013537406921387,
      0.4376889169216156,
      0.3867693245410919
    ],
    "dominant_pitch_class": 2,
    "pitch_stability": 0.03651483716701159,
    "voiced_frame_count": 15
  },
  "timbre": {
    "mfcc": [
      -503.4263916015625,
      94.80705261230469,
      -78.7002182006836,
      26.713048934936523,
      -32.449893951416016,
      -14.413437843322754,
      -14.518500328063965,
      -15.62099552154541,
      0.8978638648986816,
      -9.678601264953613,
      -10.361448287963867,
      3.8025617599487305,
      3.1368408203125
    ],
    "mfcc_delta": [
      -3.2815299034118652,
      1.2068413496017456,
      -0.5321473479270935,
      -0.24338234961032867,
      0.12616793811321259,
      -0.11293075233697891,
      0.2122214436531067,
      -0.11134225130081177,
      0.13319700956344604,
      -0.014888362027704716,
      -0.0030365679413080215,
      -0.0455402173101902,
      0.0221598781645298
    ],
    "mfcc_onset": [
      -265.138711057029,
      -27.62782121409061,
      -5.374696307358883,
      30.335159655359487,
      -35.231327702277284,
      -4.040807168419671,
      -37.16577779254345,
      2.521728892341775,
      -15.097398401024464,
      -3.0950740826109913,
      -6.793130788377058,
      7.047350918431449,
      8.25199975693157
    ]
  },
  "level": {
    "peak": 0.1508026123046875,
    "rms": 0.007525793439756576,
    "crest_factor": 20.038101432340834,
    "crest_factor_db": 26.037131413247224,
    "noise_floor": 0.0002670136163942516
  },
  "band_energy": {
    "energy_fractions": [
      0.0006939927576891249,
      0.096847873869384,
      0.1579896307620725,
      0.7439616183778517
    ],