{
  "analysis_version": "12",
  "audio_md5": "c1cd655334278f6c166d37fd64c0ab08",
  "sample_rate": 44100,
  "bit_depth": 16,
  "channels": 1,
  "duration": 0.5735827664399092,
  "captured_at": null,
  "params": {
    "n_fft": 2048,
    "hop_length": 512,
    "sample_rate": 44100
  },
  "spectral": {
    "spectral_flatness": 0.36197029636517136,
    "attack": 0.0,
    "release": 0.578585900167829,
    "spectral_centroid": 0.6762456855409466,
    "spectral_bandwidth": 0.7239146751465458,
    "zcr": 0.07298828125,
    "harmonic_ratio": 0.394855243955952,
    "spectral_contrast": 0.42145446069836245,
    "voiced_fraction": 1.0,
    "log_attack_time": 0.0,
    "spectral_flux": 0.0,
    "spectral_rolloff": 0.5368395554432265,
    "spectral_slope": 0.0
  },
  "rhythm": {
    "tempo_bpm": 120.18531976744185,
    "beat_times": [
      0.034829931972789115
    ],
    "pulse_curve": [
      0.0,
      0.0,
      0.0,
      0.0,
      0.0,
      0.08148340880870819,
      0.18415354192256927,
      0.2886580228805542,
      0.3937005400657654,
      0.4976802468299866,
      0.59865403175354,
      0.6943202018737793,
      0.7820442914962769,
      0.8589311838150024,
      0.92195725440979,
      0.9681597352027893,
      0.9948741793632507,
      1.0,
      0.9822642803192139,
      0.9414465427398682,
      0.8785281181335449,
      0.7957341074943542,
      0.6964548230171204,
      0.5850484371185303,
      0.46654096245765686,
      0.34626320004463196,
      0.22946123778820038,
      0.12092392146587372,
      0.02465365082025528,
      0.0,
      0.0,
      0.0,
      0.0,
      0.0,
      0.0,
      0.0,
      0.0,
      0.0,
      0.0,
      0.0,
      0.0,
      0.0,
      0.0,
      0.0,
      0.0,
      0.0,
      0.0,
      0.0,
      0.0,
      0.0
    ],
    "pulse_peak_times": [
      0.19736961451247165
    ],
    "onset_times": [
      0.034829931972789115,
      0.08126984126984127,
      0.18575963718820862,
      0.26702947845804986,
      0.301859410430839,
      0.3947392290249433
    ],
    "attack_times": [
      0.0034240362811791382,
      0.060068027210884355,
      0.1516780045351474,
      0.2504081632653061,
      0.2892743764172336,
      0.3573015873015873
    ],
    "onset_count": 6
  },
  "pitch": {
    "dominant_pitch_hz": 303.8820846259238,
    "pitch_confidence": 0.23429004625381197,
    "chroma_profile": [
      0.4578424096107483,
      0.5722635388374329,
      0.8799449801445007,
      0.928538978099823,
      0.451039582490921,
      0.3398808240890503,
      0.17286688089370728,
      0.17818671464920044,
      0.17384344339370728,
      0.35380059480667114,
      0.3305521309375763,
      0.21715036034584045
    ],
    "dominant_pitch_class": 3,
    "pitch_stability": 0.1532187978023587,
    "voiced_frame_count": 50
  },
  "timbre": {
    "mfcc": [
      -520.3507690429688,
      83.82963562011719,
      -4.615394115447998,
      -7.139533519744873,
      -17.703035354614258,
      -22.513151168823242,
      -16.207286834716797,
      -13.926972389221191,
      -18.377971649169922,
      -10.547149658203125,
      0.6688212752342224,
      7.653800010681152,
      14.843099594116211
    ],
    "mfcc_delta": [
      -8.764410018920898,
      -2.949923038482666,
      1.3232117891311646,
      -0.27419647574424744,
      0.5347741842269897,
      0.10248780250549316,
      0.22600243985652924,
      -0.04963209107518196,
      0.471645712852478,
      0.3089752793312073,
      0.16800138354301453,
      -0.05845269560813904,
      -0.13784055411815643
    ],
    "mfcc_onset": [
      -300.85437534249763,
      148.70715668011084,
      -43.25935559387977,
      7.824143267233066,
      -25.010245609653516,
      -21.52194990471763,
      -20.385213480295725,
      -11.527932678554553,
      -25.652729421259433,
      -12.895964189647923,
      -0.45638545308572104,
      6.7883354318866935,
      15.357076292560608
    ]
  },
  "level": {
    "peak": 0.2762908935546875,
    "rms": 0.029414461925405328,
    "crest_factor": 9.39302898877965,
    "crest_factor_db": 19.45611325317808,
    "noise_floor": 0.0001932561572175473
  },
  "band_energy": {
    "energy_fractions": [
      0.0014534380031017316,
      0.9848811659127432,
      0.01276238213565956,
      0.0006993171601620716
    ],
    "decay_rates": [
      0.6255112417094728,
      0.5961537341632369,
      0.578585900167829,
      0.578585900167829
    ]
  }
}