{
  "analysis_version": "11",
  "audio_md5": "88a7cc2f8ae59bd5d247f51514ebc008",
  "sample_rate": 44100,
  "bit_depth": 16,
  "channels": 2,
  "duration": 0.5205895691609977,
  "captured_at": null,
  "params": {
    "n_fft": 2048,
    "hop_length": 512,
    "sample_rate": 44100
  },
  "spectral": {
    "spectral_flatness": 0.19855838716474772,
    "attack": 0.0,
    "release": 0.5343184939733435,
    "spectral_centroid": 0.7268161189866843,
    "spectral_bandwidth": 0.7670185333522661,
    "zcr": 0.10353732638888889,
    "harmonic_ratio": 0.03939888602224993,
    "spectral_contrast": 0.38075994928820345,
    "voiced_fraction": 0.8,
    "log_attack_time": 0.0,
    "spectral_flux": 0.0
  },
  "rhythm": {
    "tempo_bpm": 258.3984375,
    "beat_times": [
      0.034829931972789115,
      0.26702947845804986
    ],
    "pulse_curve": [
      0.0,
      0.0018710196018218994,
      0.10395235568284988,
      0.20565032958984375,
      0.3066757321357727,
      0.4064570367336273,
      0.5041195750236511,
      0.5984715223312378,
      0.6879767179489136,
      0.7707010507583618,
      0.8443779349327087,
      0.9065414071083069,
      0.9546910524368286,
      0.9864926338195801,
      1.0,
      0.99387526512146,
      0.967582643032074,
      0.9215214848518372,
      0.8570713996887207,
      0.7765402793884277,
      0.683016300201416,
      0.5801443457603455,
      0.4718641936779022,
      0.3622082471847534,
      0.25513312220573425,
      0.15428005158901215,
      0.06278800219297409,
      0.0,
      0.0,
      0.0,
      0.0,
      0.0,
      0.0,
      0.0,
      0.0,
      0.0,
      0.0,
      0.0,
      0.0,
      0.0,
      0.0,
      0.0,
      0.0,
      0.0,
      0.0
    ],
    "pulse_peak_times": [
      0.16253968253968254
    ],
    "onset_times": [
      0.034829931972789115,
      0.11609977324263039,
      0.18575963718820862,
      0.26702947845804986,
      0.301859410430839,
      0.40634920634920635
    ],
    "attack_times": [
      0.004013605442176871,
      0.08668934240362812,
      0.17569160997732428,
      0.23573696145124717,
      0.3008843537414966,
      0.3792517006802721
    ],
    "onset_count": 6
  },
  "pitch": {
    "dominant_pitch_hz": 857.0331290248012,
    "pitch_confidence": 0.1125895322677703,
    "chroma_profile": [
      0.6608900427818298,
      0.7253271341323853,
      0.9479066729545593,
      0.6931796669960022,
      0.37409594655036926,
      0.46720191836357117,
      0.5237720012664795,
      0.6520663499832153,
      0.6533380150794983,
      0.6876777410507202,
      0.34998804330825806,
      0.3309195935726166
    ],
    "dominant_pitch_class": 2,
    "pitch_stability": 8.31885918920837,
    "voiced_frame_count": 36
  },
  "timbre": {
    "mfcc": [
      -531.3409423828125,
      104.94448852539062,
      -8.453359603881836,
      -21.984708786010742,
      -30.2691593170166,
      -18.02411651611328,
      -12.795287132263184,
      -2.8835458755493164,
      3.975149154663086,
      18.98797035217285,
      5.861002445220947,
      4.276333808898926,
      -4.76336669921875
    ],
    "mfcc_delta": [
      -11.224831581115723,
      -1.9931814670562744,
      1.0435038805007935,
      -0.0835338905453682,
      0.422683447599411,
      -0.1879107803106308,
      0.18728269636631012,
      -0.14449746906757355,
      0.3030266761779785,
      -0.24666394293308258,
      0.32390788197517395,
      -0.1286986917257309,
      0.23654712736606598
    ],
    "mfcc_onset": [
      -293.51422801952157,
      133.1731182768018,
      -27.961130355843757,
      -14.640541706260606,
      -36.50387082464909,
      -12.295601151584886,
      -19.502254324615347,
      1.0046002664148352,
      -2.567790497556408,
      24.722140995181228,
      -0.6159278158796876,
      9.133921068055667,
      -8.79415555733057
    ]
  },
  "level": {
    "peak": 0.2509765625,
    "rms": 0.01834528196800268
  },
  "band_energy": {
    "energy_fractions": [
      0.006249624797196883,
      0.9493481430169107,
      0.03725826820490712,
      0.007054856219291451
    ],
    "decay_rates": [
      0.611649661953827,
      0.5343184939733435,
      0.5049609864271075,
      0.46711257645433807
    ]
  }
}