{
  "analysis_version": "11",
  "audio_md5": "f48cafd9b1025421a8331106f293deff",
  "sample_rate": 44100,
  "bit_depth": 16,
  "channels": 2,
  "duration": 0.6422222222222222,
  "captured_at": null,
  "params": {
    "n_fft": 2048,
    "hop_length": 512,
    "sample_rate": 44100
  },
  "spectral": {
    "spectral_flatness": 0.0,
    "attack": 0.0,
    "release": 0.6697786479039582,
    "spectral_centroid": 0.6489186798662975,
    "spectral_bandwidth": 0.7362656118655397,
    "zcr": 0.0323486328125,
    "harmonic_ratio": 0.8091143005387846,
    "spectral_contrast": 0.42185951044811987,
    "voiced_fraction": 1.0,
    "log_attack_time": 0.0,
    "spectral_flux": 0.0
  },
  "rhythm": {
    "tempo_bpm": 120.18531976744185,
    "beat_times": [
      0.11609977324263039
    ],
    "pulse_curve": [
      0.35053551197052,
      0.4584043323993683,
      0.5577116012573242,
      0.6482418775558472,
      0.7296306490898132,
      0.8014100193977356,
      0.8630459308624268,
      0.9139718413352966,
      0.9536206722259521,
      0.981461763381958,
      0.9970358610153198,
      1.0,
      0.9901692867279053,
      0.9675638675689697,
      0.932452380657196,
      0.885391891002655,
      0.8272561430931091,
      0.7592494487762451,
      0.6829015612602234,
      0.6000380516052246,
      0.5127270817756653,
      0.42320191860198975,
      0.3337641656398773,
      0.24667489528656006,
      0.1640433520078659,
      0.08772226423025131,
      0.01922006532549858,
      0.0,
      0.0,
      0.0,
      0.0,
      0.0,
      0.0,
      0.0,
      0.0,
      0.0,
      0.0,
      0.0,
      0.0,
      0.0,
      0.0,
      0.0,
      0.0,
      0.0,
      0.0,
      0.0,
      0.0,
      0.0,
      0.0,
      0.0,
      0.0,
      0.0,
      0.0,
      0.0,
      0.0,
      0.0
    ],
    "pulse_peak_times": [
      0.12770975056689343
    ],
    "onset_times": [
      0.034829931972789115,
      0.08126984126984127,
      0.11609977324263039,
      0.18575963718820862,
      0.26702947845804986,
      0.301859410430839,
      0.4295691609977324
    ],
    "attack_times": [
      0.004489795918367347,
      0.0784126984126984,
      0.11596371882086168,
      0.17791383219954648,
      0.24365079365079365,
      0.3012925170068027,
      0.38746031746031745
    ],
    "onset_count": 7
  },
  "pitch": {
    "dominant_pitch_hz": 285.17449472060275,
    "pitch_confidence": 0.32040167041281975,
    "chroma_profile": [
      0.35483619570732117,
      0.33591678738594055,
      1.0,
      0.1894921213388443,
      0.18194349110126495,
      0.2423241287469864,
      0.18931519985198975,
      0.3533551096916199,
      0.15912970900535583,
      0.14416228234767914,
      0.12023917585611343,
      0.13897953927516937
    ],
    "dominant_pitch_class": 2,
    "pitch_stability": 0.33386649537606194,
    "voiced_frame_count": 56
  },
  "timbre": {
    "mfcc": [
      -536.0489501953125,
      105.39615631103516,
      31.47601318359375,
      19.173845291137695,
      -1.4054707288742065,
      -8.913961410522461,
      -6.7409281730651855,
      -5.890521049499512,
      -8.320302963256836,
      -4.237818241119385,
      -3.4325473308563232,
      -3.632706880569458,
      -3.145099639892578
    ],
    "mfcc_delta": [
      -8.08590030670166,
      -2.411986827850342,
      0.8041418790817261,
      0.05628644675016403,
      0.46885231137275696,
      0.08821523189544678,
      0.20132790505886078,
      -0.08352792263031006,
      0.21071353554725647,
      0.0008309398544952273,
      0.23742122948169708,
      0.025961872190237045,
      0.1836252212524414
    ],
    "mfcc_onset": [
      -302.5285060684414,
      163.27187836718852,
      0.6257222850088784,
      23.059833368391164,
      -12.89661861575434,
      -9.05546151346723,
      -10.997770949238205,
      -3.3378925882926653,
      -13.977626105747213,
      -2.8194438262223525,
      -9.289755429589684,
      -4.73529257472179,
      -10.387162403201648
    ]
  },
  "level": {
    "peak": 0.266845703125,
    "rms": 0.032257818713676174
  },
  "band_energy": {
    "energy_fractions": [
      0.024716340919467946,
      0.9680058262453423,
      0.00593335028236097,
      0.0012776281573834128
    ],
    "decay_rates": [
      0.46711257645433807,
      0.6697786479039582,
      0.46711257645433807,
      0.46711257645433807
    ]
  }
}