{
  "analysis_version": "12",
  "audio_md5": "2d3300d8e3fd89a6fdd5c758c08ba099",
  "sample_rate": 44100,
  "bit_depth": 16,
  "channels": 1,
  "duration": 0.6388208616780046,
  "captured_at": null,
  "params": {
    "n_fft": 2048,
    "hop_length": 512,
    "sample_rate": 44100
  },
  "spectral": {
    "spectral_flatness": 0.21260908045410878,
    "attack": 0.0,
    "release": 0.6600287566840429,
    "spectral_centroid": 0.6305602967544354,
    "spectral_bandwidth": 0.7254588163592931,
    "zcr": 0.030308314732142856,
    "harmonic_ratio": 0.889672272373408,
    "spectral_contrast": 0.4125505360721721,
    "voiced_fraction": 1.0,
    "log_attack_time": 0.0,
    "spectral_flux": 0.0,
    "spectral_rolloff": 0.3755048148057537,
    "spectral_slope": 0.0
  },
  "rhythm": {
    "tempo_bpm": 120.18531976744185,
    "beat_times": [
      0.19736961451247165
    ],
    "pulse_curve": [
      0.6592451930046082,
      0.7366304993629456,
      0.8038039207458496,
      0.8610381484031677,
      0.9084881544113159,
      0.9461860060691833,
      0.974075198173523,
      0.9920519590377808,
      1.0,
      0.9978269934654236,
      0.9854996204376221,
      0.9630775451660156,
      0.9307502508163452,
      0.8888692259788513,
      0.8379793167114258,
      0.778838574886322,
      0.7124336957931519,
      0.6399766206741333,
      0.5628888010978699,
      0.4827650189399719,
      0.4013207256793976,
      0.3203241527080536,
      0.24151715636253357,
      0.16653268039226532,
      0.09681517630815506,
      0.03355243057012558,
      0.0,
      0.0,
      0.0,
      0.0,
      0.0,
      0.0,
      0.0,
      0.0,
      0.0,
      0.0,
      0.0,
      0.0,
      0.0,
      0.0,
      0.0,
      0.0,
      0.0,
      0.0,
      0.0,
      0.0,
      0.0,
      0.0,
      0.0,
      0.0,
      0.0,
      0.0,
      0.0,
      0.0,
      0.0,
      0.0
    ],
    "pulse_peak_times": [
      0.09287981859410431
    ],
    "onset_times": [
      0.034829931972789115,
      0.11609977324263039,
      0.18575963718820862,
      0.26702947845804986,
      0.301859410430839,
      0.4179591836734694,
      0.5108390022675737,
      0.626938775510204
    ],
    "attack_times": [
      0.005555555555555556,
      0.10770975056689343,
      0.16970521541950112,
      0.2334467120181406,
      0.29621315192743763,
      0.3829705215419501,
      0.4719727891156463,
      0.5969160997732427
    ],
    "onset_count": 8
  },
  "pitch": {
    "dominant_pitch_hz": 252.59830469993753,
    "pitch_confidence": 0.1426188601757012,
    "chroma_profile": [
      1.0,
      0.42200806736946106,
      0.16022562980651855,
      0.1811659038066864,
      0.11066378653049469,
      0.11576880514621735,
      0.1035122200846672,
      0.17660139501094818,
      0.5063456892967224,
      0.44276848435401917,
      0.1260199099779129,
      0.23421262204647064
    ],
    "dominant_pitch_class": 0,
    "pitch_stability": 0.6198152292154077,
    "voiced_frame_count": 56
  },
  "timbre": {
    "mfcc": [
      -527.7694702148438,
      90.60369873046875,
      32.093814849853516,
      22.33054542541504,
      6.166419982910156,
      4.468684196472168,
      0.7650614380836487,
      -6.860711097717285,
      -5.052332401275635,
      -8.066515922546387,
      -12.967902183532715,
      -15.061006546020508,
      -17.08818817138672
    ],
    "mfcc_delta": [
      -7.228924751281738,
      -3.05389142036438,
      0.6165424585342407,
      -0.5939221978187561,
      0.516765296459198,
      -0.12409850209951401,
      0.09474502503871918,
      0.2136974185705185,
      -0.05341960862278938,
      0.05137013643980026,
      0.14063633978366852,
      0.17515207827091217,
      0.29346874356269836
    ],
    "mfcc_onset": [
      -316.6204206446281,
      170.27455957857757,
      -0.04225118460304067,
      36.7954235269829,
      -10.314427296908047,
      8.30439379384986,
      0.21273682439892905,
      -13.341967042808566,
      0.1986617197360654,
      -5.61911019515823,
      -11.986490355620399,
      -13.856303399198255,
      -21.626767285220605
    ]
  },
  "level": {
    "peak": 0.27587890625,
    "rms": 0.040798776283013274,
    "crest_factor": 6.761940709600725,
    "crest_factor_db": 16.60142716886083,
    "noise_floor": 0.00026943717966787517
  },
  "band_energy": {
    "energy_fractions": [
      0.31174404763454605,
      0.6859890174268284,
      0.0015549219484335903,
      0.0006497798976455089
    ],
    "decay_rates": [
      0.6788555794728324,
      0.6494980719265965,
      0.5583053241904673,
      0.5343184939733435
    ]
  }
}