{
  "analysis_version": "11",
  "audio_md5": "1d1b6f3b15088dcb9d4bccc96f7544cd",
  "sample_rate": 44100,
  "bit_depth": 16,
  "channels": 2,
  "duration": 1.1350340136054422,
  "captured_at": null,
  "params": {
    "n_fft": 2048,
    "hop_length": 512,
    "sample_rate": 44100
  },
  "spectral": {
    "spectral_flatness": 0.18931055775329603,
    "attack": 0.0,
    "release": 0.7460614969918379,
    "spectral_centroid": 0.7131283738300582,
    "spectral_bandwidth": 0.7311630006065521,
    "zcr": 0.13034119897959184,
    "harmonic_ratio": 0.6232118693260236,
    "spectral_contrast": 0.45317808957075084,
    "voiced_fraction": 1.0,
    "log_attack_time": 0.0,
    "spectral_flux": 0.056503569158957156
  },
  "rhythm": {
    "tempo_bpm": 120.18531976744185,
    "beat_times": [
      0.034829931972789115
    ],
    "pulse_curve": [
      1.0,
      0.9870204329490662,
      0.9707085490226746,
      0.9512714743614197,
      0.9289085865020752,
      0.9038123488426208,
      0.8761699795722961,
      0.846165657043457,
      0.8139819502830505,
      0.77979975938797,
      0.7438021898269653,
      0.7061727046966553,
      0.6670987010002136,
      0.6267709136009216,
      0.5853844285011292,
      0.543139636516571,
      0.5002424120903015,
      0.4569039046764374,
      0.41334083676338196,
      0.36977505683898926,
      0.3264330327510834,
      0.28354451060295105,
      0.24134160578250885,
      0.20005705952644348,
      0.15992218255996704,
      0.12116490304470062,
      0.08400695025920868,
      0.04866113141179085,
      0.01532831136137247,
      0.0,
      0.0,
      0.0,
      0.0,
      0.0,
      0.0,
      0.0,
      0.0,
      0.0,
      0.0,
      0.0,
      0.0,
      0.0,
      0.0,
      0.0,
      0.0,
      0.0,
      0.0,
      0.0,
      0.0,
      0.0,
      0.0,
      0.0,
      0.0,
      0.0,
      0.0,
      0.0,
      0.0,
      0.0,
      0.0,
      0.0,
      0.0,
      0.0,
      0.0,
      0.0,
      0.0,
      0.0,
      0.0,
      0.0,
      0.0,
      0.0,
      0.0,
      0.0,
      0.0,
      0.0,
      0.0,
      0.0,
      0.0,
      0.0,
      0.0,
      0.0,
      0.0,
      0.0,
      0.0,
      0.0,
      0.0,
      0.0,
      0.0,
      0.0,
      0.0,
      0.0,
      2.8697313276584596e-22,
      8.571629815063947e-22,
      1.0309787505837179e-21,
      8.339170050561847e-22,
      3.393067710633831e-22,
      0.0,
      0.0,
      0.0
    ],
    "pulse_peak_times": [
      1.0681179138321995
    ],
    "onset_times": [
      0.034829931972789115,
      0.19736961451247165,
      0.4295691609977324,
      0.4876190476190476,
      0.6385487528344671,
      0.6965986394557823,
      0.7894784580498866,
      0.905578231292517,
      0.9984580498866213,
      1.1029478458049886
    ],
    "attack_times": [
      0.003582766439909297,
      0.1548299319727891,
      0.383718820861678,
      0.4642403628117914,
      0.6063718820861678,
      0.6686167800453515,
      0.7694784580498866,
      0.8743310657596371,
      0.9531065759637188,
      1.0533333333333332
    ],
    "onset_count": 10
  },
  "pitch": {
    "dominant_pitch_hz": 269.16888019875813,
    "pitch_confidence": 0.07408538328228234,
    "chroma_profile": [
      0.8393195867538452,
      0.944282054901123,
      0.40494465827941895,
      0.26391008496284485,
      0.1931464672088623,
      0.2053169310092926,
      0.3646376132965088,
      0.37324267625808716,
      0.2372385561466217,
      0.21787363290786743,
      0.2256191372871399,
      0.2969544529914856
    ],
    "dominant_pitch_class": 1,
    "pitch_stability": 0.15922618479968806,
    "voiced_frame_count": 98
  },
  "timbre": {
    "mfcc": [
      -468.7762756347656,
      102.05389404296875,
      -43.468814849853516,
      -1.21605384349823,
      3.7120673656463623,
      2.3435192108154297,
      -8.621489524841309,
      -4.969266891479492,
      2.3732006549835205,
      -1.248762607574463,
      -7.9920759201049805,
      -0.2426607310771942,
      0.23355838656425476
    ],
    "mfcc_delta": [
      -5.571866512298584,
      -0.822556734085083,
      0.9580710530281067,
      -0.5139790177345276,
      0.3313272297382355,
      -0.29496341943740845,
      0.20679239928722382,
      -0.14359310269355774,
      0.1482601761817932,
      -0.16729038953781128,
      0.14778713881969452,
      -0.13516052067279816,
      0.15040959417819977
    ],
    "mfcc_onset": [
      -182.88037659052665,
      127.93875285692717,
      -81.96581042269177,
      36.468695345262184,
      -20.34099534220789,
      21.58834752116137,
      -19.19503352132344,
      8.823628786927268,
      -6.858346060547697,
      9.01403833494836,
      -13.81847707585413,
      7.1714769589233835,
      -6.686776690543535
    ]
  },
  "level": {
    "peak": 0.2723846435546875,
    "rms": 0.024648434934803353
  },
  "band_energy": {
    "energy_fractions": [
      0.026679072655671255,
      0.7329558951851348,
      0.21342123532535032,
      0.026593617153825303
    ],
    "decay_rates": [
      0.5961537341632369,
      0.716703989445602,
      0.6788555794728324,
      0.5049609864271075
    ]
  }
}