{
  "analysis_version": "12",
  "audio_md5": "a185984d8978fd9e9c00340591938309",
  "sample_rate": 44100,
  "bit_depth": 16,
  "channels": 1,
  "duration": 1.1121541950113378,
  "captured_at": null,
  "params": {
    "n_fft": 2048,
    "hop_length": 512,
    "sample_rate": 44100
  },
  "spectral": {
    "spectral_flatness": 0.15212890019753905,
    "attack": 0.0,
    "release": 0.716703989445602,
    "spectral_centroid": 0.646574585299168,
    "spectral_bandwidth": 0.6721171796842347,
    "zcr": 0.09822591145833333,
    "harmonic_ratio": 0.6324624013586966,
    "spectral_contrast": 0.4260263586135423,
    "voiced_fraction": 0.8125,
    "log_attack_time": 0.0,
    "spectral_flux": 0.08178681148991009,
    "spectral_rolloff": 0.6202647205435133,
    "spectral_slope": 0.0
  },
  "rhythm": {
    "tempo_bpm": 120.18531976744185,
    "beat_times": [
      0.034829931972789115
    ],
    "pulse_curve": [
      0.5106998085975647,
      0.6881868243217468,
      0.8427092432975769,
      0.9527701139450073,
      1.0,
      0.971734881401062,
      0.8629812598228455,
      0.6774984002113342,
      0.4278489947319031,
      0.1343788206577301,
      0.0,
      0.0,
      0.0,
      0.0,
      0.0,
      0.0,
      0.0,
      0.0,
      0.0,
      0.0,
      0.0,
      0.20363683998584747,
      0.3856424391269684,
      0.4846983551979065,
      0.48624834418296814,
      0.38677626848220825,
      0.1943468153476715,
      0.0,
      0.0,
      0.0,
      0.0,
      0.0,
      0.0,
      0.0,
      0.0,
      0.0,
      0.0,
      0.0,
      0.0,
      0.0,
      0.1762065291404724,
      0.4544995427131653,
      0.6745923757553101,
      0.8288887739181519,
      0.9181343913078308,
      0.950312614440918,
      0.9386525750160217,
      0.8990790247917175,
      0.8475223779678345,
      0.7974783182144165,
      0.7581704258918762,
      0.7335469126701355,
      0.7222098708152771,
      0.7182299494743347,
      0.7126639485359192,
      0.6954954266548157,
      0.6576672196388245,
      0.59287029504776,
      0.4988141357898712,
      0.3777920603752136,
      0.23647786676883698,
      0.0850134938955307,
      0.0,
      0.0,
      0.0,
      0.0,
      0.0,
      0.0,
      0.0,
      0.0,
      0.0,
      0.0,
      0.0,
      0.0,
      0.0,
      0.019637499004602432,
      0.03203744813799858,
      0.03206535056233406,
      0.02447490394115448,
      0.014127823524177074,
      0.0050004455260932446,
      0.0,
      0.0,
      0.0,
      0.0,
      0.0,
      0.0,
      0.0,
      0.0,
      0.0,
      0.0,
      2.3607164380005146e-20,
      3.260871990480479e-20,
      2.893787975440198e-20,
      1.8969653823909023e-20,
      8.702653325777465e-21
    ],
    "pulse_peak_times": [
      0.046439909297052155,
      0.2786394557823129,
      0.5224489795918368,
      0.893968253968254,
      1.0681179138321995
    ],
    "onset_times": [
      0.034829931972789115,
      0.18575963718820862,
      0.2438095238095238,
      0.34829931972789113,
      0.40634920634920635,
      0.44117913832199546,
      0.5456689342403628,
      0.592108843537415,
      0.6849886621315193,
      0.8010884353741496,
      0.8591383219954648,
      1.0565079365079366
    ],
    "attack_times": [
      0.0035374149659863946,
      0.17117913832199547,
      0.23519274376417235,
      0.30183673469387756,
      0.4010657596371882,
      0.44099773242630386,
      0.518344671201814,
      0.5807482993197279,
      0.6741950113378685,
      0.7738548752834468,
      0.8428344671201814,
      1.0219727891156463
    ],
    "onset_count": 12
  },
  "pitch": {
    "dominant_pitch_hz": 198.75864891514857,
    "pitch_confidence": 0.05698827423815702,
    "chroma_profile": [
      0.3336198627948761,
      0.46100762486457825,
      0.6054059267044067,
      0.42953506112098694,
      0.3095534145832062,
      0.30035483837127686,
      0.5126388669013977,
      0.8456699252128601,
      0.9779378771781921,
      0.452033132314682,
      0.29078730940818787,
      0.31578344106674194
    ],
    "dominant_pitch_class": 8,
    "pitch_stability": 0.17442023810579163,
    "voiced_frame_count": 78
  },
  "timbre": {
    "mfcc": [
      -456.1920471191406,
      125.92706298828125,
      -28.687856674194336,
      -12.50375747680664,
      -2.6156041622161865,
      0.001793503761291504,
      -4.206502437591553,
      -6.873668193817139,
      -7.520237445831299,
      -0.013481955043971539,
      -1.7829089164733887,
      -5.895583629608154,
      -0.14034612476825714
    ],
    "mfcc_delta": [
      -5.458156108856201,
      -0.9468860626220703,
      1.0985859632492065,
      -0.49770084023475647,
      0.28529366850852966,
      -0.32826241850852966,
      0.11078793555498123,
      -0.24324536323547363,
      0.12660007178783417,
      -0.28454744815826416,
      -0.014357920736074448,
      -0.10587004572153091,
      -0.019421592354774475
    ],
    "mfcc_onset": [
      -175.70019432877612,
      158.11600264407923,
      -81.13793175902276,
      29.805116096321775,
      -20.381174703233484,
      21.186420558163103,
      -9.98497646915479,
      9.044825732483188,
      -12.753618969432901,
      11.576835962071668,
      -0.9267395865575697,
      -3.803209550345882,
      -1.8616280130493514
    ]
  },
  "level": {
    "peak": 0.304412841796875,
    "rms": 0.030521705931923597,
    "crest_factor": 9.97365096419726,
    "crest_factor_db": 19.977083313388828,
    "noise_floor": 0.00031349295750260353
  },
  "band_energy": {
    "energy_fractions": [
      0.45520332357406323,
      0.3920889636314735,
      0.14411834438985324,
      0.008201538284151856
    ],
    "decay_rates": [
      0.6494980719265965,
      0.7512215044201721,
      0.6494980719265965,
      0.5049609864271075
    ]
  }
}