{
  "analysis_version": "11",
  "audio_md5": "20b8cee9022d76cd8308824d2c8fb5d3",
  "sample_rate": 44100,
  "bit_depth": 16,
  "channels": 2,
  "duration": 0.5115419501133787,
  "captured_at": null,
  "params": {
    "n_fft": 2048,
    "hop_length": 512,
    "sample_rate": 44100
  },
  "spectral": {
    "spectral_flatness": 0.35013608433646687,
    "attack": 0.0,
    "release": 0.7028424096899563,
    "spectral_centroid": 0.8524699470573606,
    "spectral_bandwidth": 0.7903550066982642,
    "zcr": 0.4123480902777778,
    "harmonic_ratio": 0.6092469647151169,
    "spectral_contrast": 0.4914880978680413,
    "voiced_fraction": 0.8666666666666667,
    "log_attack_time": 0.0,
    "spectral_flux": 0.0
  },
  "rhythm": {
    "tempo_bpm": 258.3984375,
    "beat_times": [
      0.034829931972789115,
      0.26702947845804986
    ],
    "pulse_curve": [
      0.0,
      0.0,
      0.012457231059670448,
      0.11972059309482574,
      0.2267318069934845,
      0.3327772915363312,
      0.4368641972541809,
      0.5377086400985718,
      0.633736789226532,
      0.723107099533081,
      0.8037601113319397,
      0.8734860420227051,
      0.9300007820129395,
      0.9711096286773682,
      0.9949098229408264,
      1.0,
      0.9856660962104797,
      0.952017605304718,
      0.900048017501831,
      0.8316057920455933,
      0.7492781281471252,
      0.6562037467956543,
      0.5558444261550903,
      0.45178237557411194,
      0.34758493304252625,
      0.24663463234901428,
      0.1519755870103836,
      0.06617627292871475,
      0.0,
      0.0,
      0.0,
      0.0,
      0.0,
      0.0,
      0.0,
      0.0,
      0.0,
      0.0,
      0.0,
      0.0,
      0.0,
      0.0,
      0.0,
      0.0,
      0.0
    ],
    "pulse_peak_times": [
      0.17414965986394557
    ],
    "onset_times": [
      0.08126984126984127,
      0.11609977324263039,
      0.18575963718820862,
      0.26702947845804986,
      0.301859410430839,
      0.3831292517006803
    ],
    "attack_times": [
      0.0637641723356009,
      0.11170068027210885,
      0.17780045351473922,
      0.26700680272108845,
      0.29018140589569164,
      0.35811791383219954
    ],
    "onset_count": 6
  },
  "pitch": {
    "dominant_pitch_hz": 1496.4909232112532,
    "pitch_confidence": 0.43679819397834546,
    "chroma_profile": [
      0.28087809681892395,
      0.27621227502822876,
      0.22032365202903748,
      0.2590659260749817,
      0.2076733261346817,
      0.2557346522808075,
      0.9903689622879028,
      0.4598592221736908,
      0.17530065774917603,
      0.15095408260822296,
      0.1252184510231018,
      0.12738993763923645
    ],
    "dominant_pitch_class": 6,
    "pitch_stability": 6.379244986745725,
    "voiced_frame_count": 39
  },
  "timbre": {
    "mfcc": [
      -579.881103515625,
      -34.8116340637207,
      -27.46609878540039,
      -5.850749969482422,
      -39.071231842041016,
      15.899431228637695,
      9.614686012268066,
      30.730180740356445,
      -9.26318359375,
      -4.766763687133789,
      -5.301568508148193,
      18.934816360473633,
      11.21375846862793
    ],
    "mfcc_delta": [
      -11.75043773651123,
      0.7649396061897278,
      0.3375823497772217,
      -0.06427064538002014,
      0.6903476119041443,
      -0.18668580055236816,
      0.16918715834617615,
      -0.38105350732803345,
      -0.004554286133497953,
      -0.2431023120880127,
      0.028077257797122,
      -0.09085334837436676,
      -0.005302313715219498
    ],
    "mfcc_onset": [
      -335.25953577413725,
      -42.68188281083969,
      -33.34091332863659,
      -1.433670580203194,
      -45.45452412745534,
      19.746754618792046,
      6.082883801135632,
      33.58331364208774,
      -7.709521544170909,
      0.4194083141901985,
      -3.8524097973681553,
      21.71422276945217,
      10.48255407578335
    ]
  },
  "level": {
    "peak": 0.22430419921875,
    "rms": 0.018361568105913023
  },
  "band_energy": {
    "energy_fractions": [
      0.00017970991214881588,
      0.430083621090926,
      0.16071465836422946,
      0.4087009733053814
    ],
    "decay_rates": [
      0.6380505658636294,
      0.7231229856673178,
      0.5343184939733435,
      0.5961537341632369
    ]
  }
}