{
  "analysis_version": "12",
  "audio_md5": "dc32e5ca6886205fab3fe89622772425",
  "sample_rate": 44100,
  "bit_depth": 16,
  "channels": 1,
  "duration": 0.646734693877551,
  "captured_at": null,
  "params": {
    "n_fft": 2048,
    "hop_length": 512,
    "sample_rate": 44100
  },
  "spectral": {
    "spectral_flatness": 0.017939337813658897,
    "attack": 0.0,
    "release": 0.7350915352823076,
    "spectral_centroid": 0.7890379218912538,
    "spectral_bandwidth": 0.7614715976484463,
    "zcr": 0.16411481584821427,
    "harmonic_ratio": 0.6529513228238369,
    "spectral_contrast": 0.5298878771663119,
    "voiced_fraction": 0.9107142857142857,
    "log_attack_time": 0.0,
    "spectral_flux": 0.0,
    "spectral_rolloff": 0.6937378326133684,
    "spectral_slope": 0.14243172373307922
  },
  "rhythm": {
    "tempo_bpm": 120.18531976744185,
    "beat_times": [
      0.19736961451247165
    ],
    "pulse_curve": [
      0.9902113676071167,
      1.0,
      0.8843533396720886,
      0.6636247634887695,
      0.36922672390937805,
      0.03983982652425766,
      0.0,
      0.0,
      0.0,
      0.0,
      0.0,
      0.0,
      0.0,
      0.0,
      0.040284253656864166,
      0.3142918646335602,
      0.5373988747596741,
      0.6821447610855103,
      0.7328170537948608,
      0.68748539686203,
      0.5578966736793518,
      0.3672090768814087,
      0.14594219624996185,
      0.0,
      0.0,
      0.0,
      0.0,
      0.0,
      0.0,
      0.0,
      0.0,
      0.0,
      0.04154326394200325,
      0.11960230022668839,
      0.16445909440517426,
      0.17631444334983826,
      0.1607714742422104,
      0.1270141303539276,
      0.08546804636716843,
      0.045553307980298996,
      0.013981994241476059,
      0.0,
      0.0,
      0.0,
      0.0,
      0.0,
      0.0,
      0.0,
      0.0,
      0.0,
      0.0,
      0.0,
      2.508305048273973e-21,
      2.2367773576484732e-21,
      0.0,
      0.0
    ],
    "pulse_peak_times": [
      0.011609977324263039,
      0.2089795918367347,
      0.40634920634920635,
      0.603718820861678
    ],
    "onset_times": [
      0.034829931972789115,
      0.11609977324263039,
      0.18575963718820862,
      0.26702947845804986,
      0.313469387755102,
      0.3947392290249433
    ],
    "attack_times": [
      0.0037414965986394557,
      0.09986394557823129,
      0.17882086167800454,
      0.25578231292517006,
      0.30970521541950113,
      0.3847392290249433
    ],
    "onset_count": 6
  },
  "pitch": {
    "dominant_pitch_hz": 1004.5737820818396,
    "pitch_confidence": 0.6007579707683196,
    "chroma_profile": [
      0.4154582917690277,
      0.1026340201497078,
      0.06975754350423813,
      0.0735643282532692,
      0.07162516564130783,
      0.08955605328083038,
      0.07429371774196625,
      0.0703095868229866,
      0.058719880878925323,
      0.05378430709242821,
      0.17951036989688873,
      0.9992024302482605
    ],
    "dominant_pitch_class": 11,
    "pitch_stability": 0.18470962903655744,
    "voiced_frame_count": 51
  },
  "timbre": {
    "mfcc": [
      -595.0835571289062,
      4.8689751625061035,
      -46.595943450927734,
      20.593124389648438,
      -48.04666519165039,
      -13.391342163085938,
      -13.924652099609375,
      7.323540687561035,
      26.454030990600586,
      19.85463523864746,
      6.631760597229004,
      -11.93073558807373,
      -16.787797927856445
    ],
    "mfcc_delta": [
      -10.194918632507324,
      0.49676772952079773,
      0.793569028377533,
      -0.885502278804779,
      0.47892603278160095,
      -0.29543474316596985,
      0.4912797808647156,
      0.08040619641542435,
      0.12406400591135025,
      0.19412705302238464,
      -0.055580656975507736,
      -0.07804060727357864,
      -0.1753237098455429
    ],
    "mfcc_onset": [
      -313.07749082365257,
      0.04943431534295106,
      -62.684934202104394,
      37.35497133189771,
      -54.50906186907473,
      -6.477057512164515,
      -21.349636836043018,
      3.8572956859716396,
      17.348130265746445,
      14.50669098998208,
      5.636880349921939,
      -9.85542003831313,
      -10.039630050084297
    ]
  },
  "level": {
    "peak": 0.2006988525390625,
    "rms": 0.016104303167374014,
    "crest_factor": 12.4624363099213,
    "crest_factor_db": 21.912059036712538,
    "noise_floor": 0.00035211892100051045
  },
  "band_energy": {
    "energy_fractions": [
      0.00012195097681814785,
      0.32451284558826443,
      0.39392950790679876,
      0.28122634895854054
    ],
    "decay_rates": [
      0.6380505658636294,
      0.7655881263504278,
      0.6255112417094728,
      0.5583053241904673
    ]
  }
}