{
  "analysis_version": "12",
  "audio_md5": "44e5643b679fa0aba593998383b2d0dc",
  "sample_rate": 44100,
  "bit_depth": 16,
  "channels": 1,
  "duration": 0.6278231292517007,
  "captured_at": null,
  "params": {
    "n_fft": 2048,
    "hop_length": 512,
    "sample_rate": 44100
  },
  "spectral": {
    "spectral_flatness": 0.6626860242852392,
    "attack": 0.32257549095484916,
    "release": 0.46711257645433807,
    "spectral_centroid": 0.91149226830358,
    "spectral_bandwidth": 0.7714479921594446,
    "zcr": 1.0,
    "harmonic_ratio": 0.0054244438699710415,
    "spectral_contrast": 0.3686785284254473,
    "voiced_fraction": 0.0,
    "log_attack_time": 0.32257549095484916,
    "spectral_flux": 0.2679682509601924,
    "spectral_rolloff": 0.9503361826089566,
    "spectral_slope": 1.0
  },
  "rhythm": {
    "tempo_bpm": 198.76802884615384,
    "beat_times": [
      0.034829931972789115
    ],
    "pulse_curve": [
      0.9834673404693604,
      0.9990198016166687,
      1.0,
      0.9839418530464172,
      0.9488583207130432,
      0.8939008712768555,
      0.8198498487472534,
      0.7293546199798584,
      0.6268912553787231,
      0.5184292793273926,
      0.41083529591560364,
      0.31108224391937256,
      0.22537563741207123,
      0.1583176851272583,
      0.11224403232336044,
      0.08685500174760818,
      0.07922898232936859,
      0.08424811065196991,
      0.09539514780044556,
      0.10580649226903915,
      0.1094062402844429,
      0.10191653668880463,
      0.08155152201652527,
      0.049256451427936554,
      0.00844212993979454,
      0.0,
      0.0,
      0.0,
      0.0,
      0.0,
      0.0,
      0.0,
      0.0,
      0.0,
      0.0,
      0.0,
      0.01430460438132286,
      0.020772747695446014,
      0.019402043893933296,
      0.01239047572016716,
      0.002441494958475232,
      0.0,
      0.0,
      0.0,
      0.0,
      0.0,
      0.0,
      0.0,
      0.0,
      0.0,
      0.0,
      0.0,
      0.0,
      0.0,
      0.0
    ],
    "pulse_peak_times": [
      0.023219954648526078,
      0.23219954648526078,
      0.4295691609977324
    ],
    "onset_times": [
      0.034829931972789115,
      0.22058956916099773,
      0.33668934240362813
    ],
    "attack_times": [
      0.009546485260770975,
      0.1793424036281179,
      0.3022222222222222
    ],
    "onset_count": 3
  },
  "pitch": {
    "dominant_pitch_hz": 0.0,
    "pitch_confidence": 0.0,
    "chroma_profile": [
      0.9676397442817688,
      0.8882395029067993,
      0.7036794424057007,
      0.6463125348091125,
      0.3567086160182953,
      0.2722718417644501,
      0.2830045223236084,
      0.3633914589881897,
      0.430571585893631,
      0.4580775201320648,
      0.3903554379940033,
      0.38750118017196655
    ],
    "dominant_pitch_class": 0,
    "pitch_stability": 0.0,
    "voiced_frame_count": 0
  },
  "timbre": {
    "mfcc": [
      -595.0902709960938,
      -112.77339172363281,
      -3.1995809078216553,
      32.697410583496094,
      -1.7669504880905151,
      1.205124020576477,
      -9.338005065917969,
      23.96967124938965,
      -10.304549217224121,
      20.286540985107422,
      -2.0665476322174072,
      13.344839096069336,
      -4.414356708526611
    ],
    "mfcc_delta": [
      -11.160660743713379,
      0.7020905017852783,
      0.0765538439154625,
      -0.28656357526779175,
      -0.14649461209774017,
      -0.1364392787218094,
      0.050536178052425385,
      0.012892089784145355,
      -0.06325868517160416,
      -0.13322864472866058,
      0.03460617735981941,
      -0.14892970025539398,
      -0.07941506057977676
    ],
    "mfcc_onset": [
      -325.27012043805377,
      -110.54016374484867,
      -2.95641292810666,
      36.37321136854561,
      1.487561994965332,
      6.878961596259863,
      -7.808506470034585,
      24.237100660850736,
      -11.65115735784309,
      21.56613715094089,
      -1.4101777541089322,
      18.273987135453506,
      -1.1961231063749684
    ]
  },
  "level": {
    "peak": 0.402618408203125,
    "rms": 0.024902658660306592,
    "crest_factor": 16.167687703356574,
    "crest_factor_db": 24.172958234268087,
    "noise_floor": 0.00020952550403308123
  },
  "band_energy": {
    "energy_fractions": [
      0.00039119667940089753,
      0.0002955165995738079,
      0.0725633273028667,
      0.9248381068831051
    ],
    "decay_rates": [
      0.6380505658636294,
      0.46711257645433807,
      0.46711257645433807,
      0.46711257645433807
    ]
  }
}