{
  "analysis_version": "11",
  "audio_md5": "2bfc3e03da644b7c313f4c0216987828",
  "sample_rate": 44100,
  "bit_depth": 16,
  "channels": 2,
  "duration": 0.9248299319727891,
  "captured_at": null,
  "params": {
    "n_fft": 2048,
    "hop_length": 512,
    "sample_rate": 44100
  },
  "spectral": {
    "spectral_flatness": 0.25363979691852584,
    "attack": 0.5049609864271075,
    "release": 0.7655881263504278,
    "spectral_centroid": 0.7552753322726674,
    "spectral_bandwidth": 0.7064187983429114,
    "zcr": 0.2499755859375,
    "harmonic_ratio": 0.617626615658481,
    "spectral_contrast": 0.4713567402172675,
    "voiced_fraction": 1.0,
    "log_attack_time": 0.0,
    "spectral_flux": 0.20286311914198568
  },
  "rhythm": {
    "tempo_bpm": 191.40625,
    "beat_times": [
      0.034829931972789115
    ],
    "pulse_curve": [
      0.7337715029716492,
      0.8795286417007446,
      0.9685698747634888,
      1.0,
      0.975642204284668,
      0.8998751044273376,
      0.7793431878089905,
      0.6225792765617371,
      0.43955010175704956,
      0.24114300310611725,
      0.03861634433269501,
      0.0,
      0.0,
      0.0,
      0.0,
      0.0,
      0.0,
      0.0,
      0.0,
      0.0,
      0.0,
      0.0,
      0.0,
      0.0,
      0.11575856804847717,
      0.2532733678817749,
      0.3705592453479767,
      0.4618961811065674,
      0.523496150970459,
      0.5536667108535767,
      0.5528184771537781,
      0.523317277431488,
      0.46919843554496765,
      0.3957694172859192,
      0.3091422915458679,
      0.2157360017299652,
      0.12179367244243622,
      0.0329555943608284,
      0.0,
      0.0,
      0.0,
      0.0,
      0.0,
      0.0,
      0.0,
      0.0,
      0.0,
      0.0,
      0.0,
      0.0,
      0.0025625440757721663,
      0.03019501082599163,
      0.05016124248504639,
      0.06182262673974037,
      0.06533708423376083,
      0.061554908752441406,
      0.05185949429869652,
      0.0379733107984066,
      0.021750956773757935,
      0.004981730133295059,
      0.0,
      0.0,
      0.0,
      0.0,
      0.0,
      0.0,
      0.0,
      0.0,
      0.0,
      0.0,
      0.0,
      0.0,
      0.0,
      0.0,
      0.0,
      0.0,
      0.0,
      0.0,
      0.0,
      0.0
    ],
    "pulse_peak_times": [
      0.034829931972789115,
      0.33668934240362813,
      0.626938775510204
    ],
    "onset_times": [
      0.034829931972789115,
      0.10448979591836735,
      0.23219954648526078,
      0.301859410430839,
      0.34829931972789113,
      0.46439909297052157,
      0.5572789115646258
    ],
    "attack_times": [
      0.004285714285714286,
      0.07401360544217687,
      0.1900907029478458,
      0.28122448979591835,
      0.3380272108843537,
      0.446984126984127,
      0.5334920634920635
    ],
    "onset_count": 7
  },
  "pitch": {
    "dominant_pitch_hz": 1404.363944014918,
    "pitch_confidence": 0.16143196219208553,
    "chroma_profile": [
      0.08979722112417221,
      0.10360636562108994,
      0.13718579709529877,
      0.43581509590148926,
      0.7788134813308716,
      0.8494338989257812,
      0.7961702346801758,
      0.11945680528879166,
      0.03558458760380745,
      0.03272096440196037,
      0.02775418385863304,
      0.028368894010782242
    ],
    "dominant_pitch_class": 5,
    "pitch_stability": 0.1361065758881606,
    "voiced_frame_count": 80
  },
  "timbre": {
    "mfcc": [
      -552.7850952148438,
      -21.370296478271484,
      -73.7248306274414,
      29.635183334350586,
      26.274078369140625,
      23.511096954345703,
      -40.05651092529297,
      -8.939855575561523,
      39.169700622558594,
      16.275936126708984,
      -32.83539581298828,
      -6.564030647277832,
      29.55472183227539
    ],
    "mfcc_delta": [
      -3.7061355113983154,
      0.46017736196517944,
      1.1899471282958984,
      -0.6987442374229431,
      -0.12338962405920029,
      -0.49062103033065796,
      0.5298663973808289,
      0.11859569698572159,
      -0.331145703792572,
      -0.35186219215393066,
      0.24676470458507538,
      -0.004236314445734024,
      -0.2424377202987671
    ],
    "mfcc_onset": [
      -397.07514380776314,
      -37.927420427028835,
      -111.15375439234099,
      54.366701449481255,
      23.83712775705935,
      41.335093137108984,
      -54.727504710216955,
      -6.529832100861,
      41.815264552207275,
      26.701985470083045,
      -34.97368159448071,
      -0.13688404947947508,
      31.5509460103747
    ]
  },
  "level": {
    "peak": 0.251251220703125,
    "rms": 0.06503576855421919
  },
  "band_energy": {
    "energy_fractions": [
      5.814070816286076e-06,
      2.2511130418951926e-05,
      0.9964714368848722,
      0.003490735684459508
    ],
    "decay_rates": [
      0.7940351574260854,
      0.7700483272089617,
      0.7406908196627258,
      0.7561867474533159
    ]
  }
}