{
  "analysis_version": "12",
  "audio_md5": "f40697c14f85cb5c273dc3ad1f0b0ead",
  "sample_rate": 44100,
  "bit_depth": 16,
  "channels": 1,
  "duration": 0.5808390022675737,
  "captured_at": null,
  "params": {
    "n_fft": 2048,
    "hop_length": 512,
    "sample_rate": 44100
  },
  "spectral": {
    "spectral_flatness": 0.4547608555755037,
    "attack": 0.0,
    "release": 0.5049609864271075,
    "spectral_centroid": 0.7916066622088549,
    "spectral_bandwidth": 0.7272732341096619,
    "zcr": 0.3678768382352941,
    "harmonic_ratio": 0.008395534163670008,
    "spectral_contrast": 0.4098786844968486,
    "voiced_fraction": 0.0,
    "log_attack_time": 0.0,
    "spectral_flux": 0.09354705697042102,
    "spectral_rolloff": 0.7869423495739596,
    "spectral_slope": 0.0
  },
  "rhythm": {
    "tempo_bpm": 120.18531976744185,
    "beat_times": [
      0.034829931972789115
    ],
    "pulse_curve": [
      0.864273726940155,
      0.9203022122383118,
      0.9613595008850098,
      0.9878180027008057,
      1.0,
      0.9982250332832336,
      0.9828588962554932,
      0.9543606638908386,
      0.9133278131484985,
      0.8605420589447021,
      0.7970128059387207,
      0.7240092754364014,
      0.6430827379226685,
      0.556069016456604,
      0.4650669991970062,
      0.37238913774490356,
      0.2804807722568512,
      0.19181221723556519,
      0.1087491363286972,
      0.033413536846637726,
      0.0,
      0.0,
      0.0,
      0.0,
      0.0,
      0.0,
      0.0,
      0.0,
      0.0,
      0.0,
      0.0,
      0.0,
      0.0,
      0.0,
      0.0,
      0.0,
      0.0,
      0.0,
      0.0,
      0.0,
      0.0,
      0.0,
      0.0,
      0.0,
      0.0,
      0.0,
      0.0,
      0.0,
      0.0,
      0.0,
      0.0
    ],
    "pulse_peak_times": [
      0.046439909297052155
    ],
    "onset_times": [
      0.034829931972789115,
      0.11609977324263039,
      0.19736961451247165,
      0.29024943310657597,
      0.40634920634920635
    ],
    "attack_times": [
      0.0039229024943310655,
      0.07807256235827664,
      0.16113378684807256,
      0.25795918367346937,
      0.37378684807256235
    ],
    "onset_count": 5
  },
  "pitch": {
    "dominant_pitch_hz": 0.0,
    "pitch_confidence": 0.0,
    "chroma_profile": [
      0.7234098315238953,
      0.5296258926391602,
      0.582608163356781,
      0.7319717407226562,
      0.5480837225914001,
      0.7796202301979065,
      0.429677814245224,
      0.5817235708236694,
      0.813909113407135,
      0.8146286606788635,
      0.7021200656890869,
      0.5606261491775513
    ],
    "dominant_pitch_class": 9,
    "pitch_stability": 0.0,
    "voiced_frame_count": 0
  },
  "timbre": {
    "mfcc": [
      -541.7203979492188,
      11.188406944274902,
      -105.17595672607422,
      27.478120803833008,
      -10.98639965057373,
      1.5703394412994385,
      2.946521759033203,
      20.999088287353516,
      -18.3350887298584,
      -1.256672739982605,
      -2.297196865081787,
      5.693728446960449,
      -0.745546817779541
    ],
    "mfcc_delta": [
      -11.73586368560791,
      -0.9305101037025452,
      1.7529606819152832,
      -1.011855125427246,
      1.4970639944076538,
      -0.9701120257377625,
      0.9606918096542358,
      -0.5498889684677124,
      0.6514561772346497,
      -0.4446324110031128,
      0.4885333478450775,
      -0.2210596650838852,
      0.2581464648246765
    ],
    "mfcc_onset": [
      -276.556956508568,
      37.14988677798132,
      -136.63011700723072,
      50.964849070078486,
      -38.534985066592874,
      22.858193348742066,
      -24.26934702231502,
      35.438626871157226,
      -34.1813649006255,
      9.686395483544272,
      -13.945455975766421,
      11.77514064170034,
      -8.428496193086065
    ]
  },
  "level": {
    "peak": 0.2784881591796875,
    "rms": 0.0217994352680183,
    "crest_factor": 12.7750171394694,
    "crest_factor_db": 22.127229829476676,
    "noise_floor": 0.0002220003807451576
  },
  "band_energy": {
    "energy_fractions": [
      0.00020146590183411805,
      0.0650666345720875,
      0.8803800283738337,
      0.0542673257446504
    ],
    "decay_rates": [
      0.611649661953827,
      0.46711257645433807,
      0.5343184939733435,
      0.5343184939733435
    ]
  }
}