{
  "analysis_version": "12",
  "audio_md5": "736f7c9bc46b113f367761fab137ac3b",
  "sample_rate": 44100,
  "bit_depth": 16,
  "channels": 1,
  "duration": 0.8788662131519275,
  "captured_at": null,
  "params": {
    "n_fft": 2048,
    "hop_length": 512,
    "sample_rate": 44100
  },
  "spectral": {
    "spectral_flatness": 0.4665590650746785,
    "attack": 0.0,
    "release": 0.7903289031863234,
    "spectral_centroid": 0.78012329395959,
    "spectral_bandwidth": 0.7228590290969967,
    "zcr": 0.3415655838815789,
    "harmonic_ratio": 0.1405976770206004,
    "spectral_contrast": 0.42623075828687035,
    "voiced_fraction": 0.3157894736842105,
    "log_attack_time": 0.0,
    "spectral_flux": 0.2396868891658967,
    "spectral_rolloff": 0.7956783041807708,
    "spectral_slope": 0.0
  },
  "rhythm": {
    "tempo_bpm": 287.109375,
    "beat_times": [
      0.034829931972789115
    ],
    "pulse_curve": [
      0.8357949256896973,
      0.8779993653297424,
      0.9136279821395874,
      0.9429009556770325,
      0.9660086035728455,
      0.9831219911575317,
      0.9943958520889282,
      0.9999749660491943,
      1.0,
      0.9946142435073853,
      0.9839665293693542,
      0.968217670917511,
      0.9475414752960205,
      0.9221314191818237,
      0.8922033309936523,
      0.8580044507980347,
      0.8198162913322449,
      0.7779579758644104,
      0.7327902913093567,
      0.6847171783447266,
      0.6341838240623474,
      0.5816767811775208,
      0.5277169346809387,
      0.4728566110134125,
      0.4176684021949768,
      0.362734854221344,
      0.3086383640766144,
      0.2559482753276825,
      0.20520558953285217,
      0.15690666437149048,
      0.11148849874734879,
      0.06931615620851517,
      0.030673323199152946,
      0.0,
      0.0,
      0.0,
      0.0,
      0.0,
      0.0,
      0.0,
      0.0,
      0.0,
      0.0,
      0.0,
      0.0,
      0.0,
      0.0,
      0.0,
      0.0,
      0.0,
      0.0,
      0.0,
      0.0,
      0.0,
      0.0,
      0.0,
      0.0,
      0.0,
      0.0,
      0.0,
      0.0,
      0.0,
      0.0,
      0.0,
      0.0,
      0.0,
      0.0,
      0.0,
      0.0,
      0.0,
      0.0,
      0.0,
      0.0,
      0.0,
      0.0,
      0.0
    ],
    "pulse_peak_times": [
      0.09287981859410431
    ],
    "onset_times": [
      0.034829931972789115,
      0.09287981859410431,
      0.12770975056689343,
      0.16253968253968254,
      0.2438095238095238,
      0.301859410430839
    ],
    "attack_times": [
      0.013015873015873015,
      0.0761904761904762,
      0.12498866213151927,
      0.16197278911564625,
      0.21614512471655328,
      0.2837641723356009
    ],
    "onset_count": 6
  },
  "pitch": {
    "dominant_pitch_hz": 576.9761254752793,
    "pitch_confidence": 0.010003384416577728,
    "chroma_profile": [
      0.8525103330612183,
      0.717294454574585,
      0.5181745886802673,
      0.48065441846847534,
      0.5419470071792603,
      0.5319934487342834,
      0.5189669728279114,
      0.587868869304657,
      0.8164147734642029,
      0.7882815599441528,
      0.5717552304267883,
      0.7965506911277771
    ],
    "dominant_pitch_class": 0,
    "pitch_stability": 0.06441510347391964,
    "voiced_frame_count": 24
  },
  "timbre": {
    "mfcc": [
      -441.6831359863281,
      48.42784881591797,
      -118.20069885253906,
      20.723363876342773,
      -44.035465240478516,
      1.9430055618286133,
      -6.254655361175537,
      23.546964645385742,
      -18.675567626953125,
      6.335151195526123,
      -11.779376983642578,
      -0.7231094241142273,
      -7.123053073883057
    ],
    "mfcc_delta": [
      -6.5645036697387695,
      -0.45478594303131104,
      0.8916864991188049,
      -0.4312986433506012,
      0.6960657238960266,
      -0.8063471913337708,
      0.7046406269073486,
      -0.435014933347702,
      0.15123148262500763,
      -0.21762488782405853,
      0.46726328134536743,
      -0.322208970785141,
      -0.2254614531993866
    ],
    "mfcc_onset": [
      -281.1047868317967,
      52.98642192978093,
      -132.95984105689126,
      36.15459907179576,
      -56.728824838431045,
      25.832947568578803,
      -23.85883246245517,
      33.763912874064275,
      -20.79741322592599,
      14.447535716844596,
      -28.384728471360205,
      13.089150255751397,
      1.0073256314801895
    ]
  },
  "level": {
    "peak": 0.3936920166015625,
    "rms": 0.019805262063059336,
    "crest_factor": 19.878152349010048,
    "crest_factor_db": 25.967520295470884,
    "noise_floor": 0.00022599048679694533
  },
  "band_energy": {
    "energy_fractions": [
      0.00029291759536189565,
      0.21724606164349192,
      0.658451066430537,
      0.1237524119213814
    ],
    "decay_rates": [
      0.8174114838798466,
      0.46711257645433807,
      0.46711257645433807,
      0.46711257645433807
    ]
  }
}