{
  "analysis_version": "12",
  "audio_md5": "8f4d99248e3246278eee7651678285eb",
  "sample_rate": 44100,
  "bit_depth": 16,
  "channels": 1,
  "duration": 0.6122448979591837,
  "captured_at": null,
  "params": {
    "n_fft": 2048,
    "hop_length": 512,
    "sample_rate": 44100
  },
  "spectral": {
    "spectral_flatness": 0.3082606305010973,
    "attack": 0.0,
    "release": 0.4137682386909784,
    "spectral_centroid": 0.7452499650805351,
    "spectral_bandwidth": 0.7334656485959287,
    "zcr": 0.1957547169811321,
    "harmonic_ratio": 0.0589405213174467,
    "spectral_contrast": 0.4263723831536882,
    "voiced_fraction": 1.0,
    "log_attack_time": 0.0,
    "spectral_flux": 0.0,
    "spectral_rolloff": 0.670909452581883,
    "spectral_slope": 0.0
  },
  "rhythm": {
    "tempo_bpm": 120.18531976744185,
    "beat_times": [
      0.11609977324263039
    ],
    "pulse_curve": [
      0.2539609968662262,
      0.371128112077713,
      0.48036935925483704,
      0.581291913986206,
      0.6733149290084839,
      0.7557063102722168,
      0.8276332020759583,
      0.8882067203521729,
      0.9365298748016357,
      0.9717469215393066,
      0.9931017160415649,
      1.0,
      0.9920775294303894,
      0.9692695736885071,
      0.931873619556427,
      0.8806056380271912,
      0.8166297674179077,
      0.7415671944618225,
      0.6574659943580627,
      0.5667369365692139,
      0.47205135226249695,
      0.3762109875679016,
      0.28199896216392517,
      0.1920267790555954,
      0.10859263688325882,
      0.03356406092643738,
      0.0,
      0.0,
      0.0,
      0.0,
      0.0,
      0.0,
      0.0,
      0.0,
      0.0,
      0.0,
      0.0,
      0.0,
      0.0,
      0.0,
      0.0,
      0.0,
      0.0,
      0.0,
      0.0,
      0.0,
      0.0,
      0.0,
      0.0,
      0.0,
      0.0,
      0.0,
      0.0
    ],
    "pulse_peak_times": [
      0.12770975056689343
    ],
    "onset_times": [
      0.08126984126984127,
      0.11609977324263039,
      0.18575963718820862,
      0.26702947845804986,
      0.301859410430839
    ],
    "attack_times": [
      0.05315192743764172,
      0.11453514739229025,
      0.16149659863945579,
      0.23859410430839,
      0.301859410430839
    ],
    "onset_count": 5
  },
  "pitch": {
    "dominant_pitch_hz": 1076.6755207950325,
    "pitch_confidence": 0.11080800476886996,
    "chroma_profile": [
      0.6627479195594788,
      0.9759541153907776,
      0.2988266050815582,
      0.20794081687927246,
      0.1377536952495575,
      0.10756530612707138,
      0.08469680696725845,
      0.0803971141576767,
      0.09911871701478958,
      0.10811930149793625,
      0.12214741855859756,
      0.18281938135623932
    ],
    "dominant_pitch_class": 1,
    "pitch_stability": 0.07509339147974063,
    "voiced_frame_count": 53
  },
  "timbre": {
    "mfcc": [
      -604.086181640625,
      10.071027755737305,
      -51.639854431152344,
      -17.645700454711914,
      19.688695907592773,
      32.01459503173828,
      -4.084652423858643,
      -25.20643424987793,
      -0.20362110435962677,
      21.682228088378906,
      9.41532039642334,
      -13.653690338134766,
      -9.484545707702637
    ],
    "mfcc_delta": [
      -6.269839286804199,
      -0.6428465247154236,
      2.041982650756836,
      0.08621735125780106,
      -0.09019429981708527,
      -0.8322241902351379,
      0.039110273122787476,
      0.03747067227959633,
      -0.035178277641534805,
      -0.4828304648399353,
      -0.09689522534608841,
      0.022972026839852333,
      0.08263509720563889
    ],
    "mfcc_onset": [
      -427.032313423393,
      25.516116801487073,
      -106.58089617535616,
      -15.16788099464198,
      15.717503161907354,
      52.17831386525839,
      -1.9210328870166422,
      -21.17079698975631,
      2.4618853734390274,
      31.085366660406585,
      10.39096414436057,
      -12.279781866635366,
      -10.598409632032796
    ]
  },
  "level": {
    "peak": 0.43084716796875,
    "rms": 0.026055122103928977,
    "crest_factor": 16.535987290720872,
    "crest_factor_db": 24.36860259655987,
    "noise_floor": 0.00020559866970870644
  },
  "band_energy": {
    "energy_fractions": [
      4.486987437606456e-05,
      0.019188177018619794,
      0.9772018152880407,
      0.0035396052313443893
    ],
    "decay_rates": [
      0.5583053241904673,
      0.4137682386909784,
      0.4137682386909784,
      0.46711257645433807
    ]
  }
}