{
  "analysis_version": "12",
  "audio_md5": "a88f81b99c815fde7819817ffe1e2223",
  "sample_rate": 44100,
  "bit_depth": 16,
  "channels": 1,
  "duration": 0.6147392290249433,
  "captured_at": null,
  "params": {
    "n_fft": 2048,
    "hop_length": 512,
    "sample_rate": 44100
  },
  "spectral": {
    "spectral_flatness": 0.31913306280832093,
    "attack": 0.0,
    "release": 0.5343184939733435,
    "spectral_centroid": 0.7443471231029344,
    "spectral_bandwidth": 0.7335078557046061,
    "zcr": 0.1768130896226415,
    "harmonic_ratio": 0.21987643062492837,
    "spectral_contrast": 0.4761947519968201,
    "voiced_fraction": 1.0,
    "log_attack_time": 0.0,
    "spectral_flux": 0.0,
    "spectral_rolloff": 0.7235049916177786,
    "spectral_slope": 0.0
  },
  "rhythm": {
    "tempo_bpm": 258.3984375,
    "beat_times": [
      0.08126984126984127
    ],
    "pulse_curve": [
      0.0,
      0.07160670310258865,
      0.17970876395702362,
      0.284697026014328,
      0.3860880434513092,
      0.4832560122013092,
      0.5754367113113403,
      0.6617190837860107,
      0.7410239577293396,
      0.812136709690094,
      0.8737589120864868,
      0.9245671629905701,
      0.9632807970046997,
      0.9887417554855347,
      1.0,
      0.9964004755020142,
      0.977669894695282,
      0.9439842104911804,
      0.8960176706314087,
      0.8349577784538269,
      0.7624824047088623,
      0.6806982755661011,
      0.5920421481132507,
      0.4991549551486969,
      0.4047399163246155,
      0.31141892075538635,
      0.22160108387470245,
      0.13740165531635284,
      0.06061255559325218,
      0.0,
      0.0,
      0.0,
      0.0,
      0.0,
      0.0,
      0.0,
      0.0,
      0.0,
      0.0,
      0.0,
      0.0,
      0.0,
      0.0,
      0.0,
      0.0,
      0.0,
      0.0,
      0.0,
      0.0,
      0.0,
      0.0,
      0.0,
      0.0
    ],
    "pulse_peak_times": [
      0.16253968253968254
    ],
    "onset_times": [
      0.08126984126984127,
      0.11609977324263039,
      0.18575963718820862,
      0.26702947845804986,
      0.301859410430839,
      0.37151927437641724,
      0.40634920634920635,
      0.4876190476190476
    ],
    "attack_times": [
      0.05487528344671202,
      0.11346938775510204,
      0.17396825396825397,
      0.25979591836734695,
      0.3002267573696145,
      0.35219954648526075,
      0.40174603174603174,
      0.4775510204081633
    ],
    "onset_count": 8
  },
  "pitch": {
    "dominant_pitch_hz": 743.9358848663343,
    "pitch_confidence": 0.09928576203688497,
    "chroma_profile": [
      0.43731653690338135,
      0.394758403301239,
      0.33870333433151245,
      0.4579344391822815,
      0.6960663795471191,
      0.8013127446174622,
      0.9290552735328674,
      0.645389199256897,
      0.4927636682987213,
      0.36076802015304565,
      0.25409236550331116,
      0.23725885152816772
    ],
    "dominant_pitch_class": 6,
    "pitch_stability": 0.8095153233508106,
    "voiced_frame_count": 53
  },
  "timbre": {
    "mfcc": [
      -540.6676025390625,
      47.604408264160156,
      -50.70289993286133,
      3.259427070617676,
      -13.290992736816406,
      -30.895315170288086,
      -15.522098541259766,
      -8.2330322265625,
      -16.39899253845215,
      5.44672966003418,
      30.18353843688965,
      38.94355773925781,
      24.94866371154785
    ],
    "mfcc_delta": [
      -8.958924293518066,
      -1.3501156568527222,
      1.8041632175445557,
      -0.3993600010871887,
      0.4834098517894745,
      0.23831523954868317,
      0.3624318540096283,
      -0.05131198465824127,
      0.3409169316291809,
      -0.26581645011901855,
      -0.29220050573349,
      -0.5946581959724426,
      -0.25232741236686707
    ],
    "mfcc_onset": [
      -299.19910199384617,
      80.2036063953234,
      -89.86493847502175,
      15.044997812071308,
      -29.062495221830204,
      -27.234923317616673,
      -26.06641509891161,
      -6.180747359640505,
      -21.911743907507184,
      12.969381596790612,
      32.02713935533734,
      48.68001581599958,
      27.693858629648606
    ]
  },
  "level": {
    "peak": 0.428741455078125,
    "rms": 0.024040168292744378,
    "crest_factor": 17.834378272947635,
    "crest_factor_db": 25.02515947860715,
    "noise_floor": 0.0002044873544946313
  },
  "band_energy": {
    "energy_fractions": [
      0.000951799024557881,
      0.7730210267961208,
      0.21862136032906881,
      0.007369496509988929
    ],
    "decay_rates": [
      0.4137682386909784,
      0.46711257645433807,
      0.46711257645433807,
      0.46711257645433807
    ]
  }
}