{
  "analysis_version": "12",
  "audio_md5": "d0ea2efc00db45579a3b0c128d90a526",
  "sample_rate": 44100,
  "bit_depth": 16,
  "channels": 1,
  "duration": 1.3562585034013606,
  "captured_at": null,
  "params": {
    "n_fft": 2048,
    "hop_length": 512,
    "sample_rate": 44100
  },
  "spectral": {
    "spectral_flatness": 0.0,
    "attack": 0.6380505658636294,
    "release": 0.7825876513631183,
    "spectral_centroid": 0.5811913377663486,
    "spectral_bandwidth": 0.6864842696836041,
    "zcr": 0.027769431089743588,
    "harmonic_ratio": 0.9979102886306934,
    "spectral_contrast": 0.5159548140806928,
    "voiced_fraction": 1.0,
    "log_attack_time": 0.0,
    "spectral_flux": 0.0,
    "spectral_rolloff": 0.40214806250211477,
    "spectral_slope": 0.0
  },
  "rhythm": {
    "tempo_bpm": 120.18531976744185,
    "beat_times": [
      0.034829931972789115
    ],
    "pulse_curve": [
      0.15149500966072083,
      0.18403002619743347,
      0.21436022222042084,
      0.24046453833580017,
      0.2603817880153656,
      0.27230697870254517,
      0.2746807634830475,
      0.26626771688461304,
      0.24622225761413574,
      0.21414032578468323,
      0.17009375989437103,
      0.1146482601761818,
      0.04886271432042122,
      0.0,
      0.0,
      0.0,
      0.0,
      0.0,
      0.0,
      0.0,
      0.0,
      0.0,
      0.0,
      0.0,
      0.0,
      0.0,
      0.0,
      0.0,
      0.0,
      0.0,
      0.0,
      0.0,
      0.0,
      0.14468711614608765,
      0.29063358902931213,
      0.4333915412425995,
      0.5684714913368225,
      0.691498339176178,
      0.7983695864677429,
      0.8854089975357056,
      0.9495067000389099,
      0.98824542760849,
      1.0,
      0.9840127229690552,
      0.9404348134994507,
      0.8703345656394958,
      0.7756709456443787,
      0.6592317819595337,
      0.5245404839515686,
      0.3757324814796448,
      0.21740877628326416,
      0.05447021499276161,
      0.0,
      0.0,
      0.0,
      0.0,
      0.0,
      0.0,
      0.0,
      0.0,
      0.0,
      0.0,
      0.0,
      0.0,
      0.0,
      0.0,
      0.0,
      0.0,
      0.0,
      0.0,
      0.0,
      0.03494502231478691,
      0.133035346865654,
      0.2191050797700882,
      0.2912138104438782,
      0.34806209802627563,
      0.38900378346443176,
      0.4140307903289795,
      0.4237319529056549,
      0.41922903060913086,
      0.40209370851516724,
      0.37425148487091064,
      0.33787497878074646,
      0.29527533054351807,
      0.2487931251525879,
      0.20069698989391327,
      0.1530911922454834,
      0.10783756524324417,
      0.06649366021156311,
      0.030268942937254906,
      8.284281705073226e-09,
      0.0,
      0.0,
      0.0,
      0.0,
      0.0,
      0.0,
      0.0,
      0.0,
      0.0,
      0.0,
      0.0,
      0.0,
      0.0,
      0.0,
      0.0,
      0.0,
      0.0,
      0.0,
      0.0,
      0.0,
      7.032074029227828e-21,
      2.2704235349092428e-20,
      2.6340768506707023e-20,
      2.182787303300944e-20,
      1.3746958220871382e-20,
      6.132045785014015e-21
    ],
    "pulse_peak_times": [
      0.06965986394557823,
      0.4876190476190476,
      0.905578231292517,
      1.3119274376417234
    ],
    "onset_times": [
      0.034829931972789115,
      0.16253968253968254,
      0.2786394557823129,
      0.3831292517006803,
      0.44117913832199546,
      0.8126984126984127,
      1.172607709750567
    ],
    "attack_times": [
      0.0081859410430839,
      0.11709750566893425,
      0.2331065759637188,
      0.33693877551020407,
      0.4170748299319728,
      0.7656235827664399,
      1.1621768707482993
    ],
    "onset_count": 7
  },
  "pitch": {
    "dominant_pitch_hz": 295.23115155842805,
    "pitch_confidence": 0.7695509208476025,
    "chroma_profile": [
      0.036989547312259674,
      0.4660179018974304,
      0.9528492093086243,
      0.45352011919021606,
      0.02571096643805504,
      0.016178512945771217,
      0.01303112506866455,
      0.015900684520602226,
      0.01865457557141781,
      0.024815920740365982,
      0.024857714772224426,
      0.03346201032400131
    ],
    "dominant_pitch_class": 2,
    "pitch_stability": 0.30202279067904964,
    "voiced_frame_count": 117
  },
  "timbre": {
    "mfcc": [
      -513.0841064453125,
      74.23238372802734,
      27.975269317626953,
      7.6959123611450195,
      3.893129825592041,
      -1.5095994472503662,
      -6.967226028442383,
      -11.581342697143555,
      -15.212658882141113,
      -15.784554481506348,
      -15.609049797058105,
      -15.521941184997559,
      -14.046110153198242
    ],
    "mfcc_delta": [
      -1.4552714824676514,
      -1.465198278427124,
      -0.4840744733810425,
      -0.0556577630341053,
      -0.0014498847303912044,
      0.02907409332692623,
      0.07139742374420166,
      0.14513355493545532,
      0.17607609927654266,
      0.1348552703857422,
      0.10773589462041855,
      0.06633955240249634,
      0.04231957346200943
    ],
    "mfcc_onset": [
      -407.398360074669,
      167.8352766464277,
      44.21088211524059,
      11.151334441228899,
      10.584105997085166,
      -3.6801136445684213,
      -9.831309969465105,
      -16.633186781926327,
      -25.087266931474996,
      -21.779986515269606,
      -18.9649555726778,
      -18.83856868853341,
      -16.293636493611587
    ]
  },
  "level": {
    "peak": 0.3490447998046875,
    "rms": 0.07971438938967224,
    "crest_factor": 4.378692510563339,
    "crest_factor_db": 12.826888967079011,
    "noise_floor": 0.00040313013596460223
  },
  "band_energy": {
    "energy_fractions": [
      0.0022203237684707837,
      0.997670753340423,
      0.00010723279195558757,
      2.2029320975105542e-07
    ],
    "decay_rates": [
      0.6788555794728324,
      0.7609713956400873,
      0.7512215044201721,
      0.9310522919534115
    ]
  }
}